5680,0.455842,0.000843,0.492646,0.949330
5676,0.406966,0.018899,0.511842,0.937707
5672,0.367290,0.019006,0.559611,0.945907
5668,0.350583,0.019059,0.507641,0.877283
5664,0.349253,0.019042,0.587105,0.955401
5660,0.351612,0.019051,0.518244,0.888906
5656,0.348963,0.018467,0.515021,0.882451
5652,0.410436,0.019046,0.502895,0.932377
5648,0.352240,0.018538,0.524353,0.895130
5644,0.348595,0.019021,0.517092,0.884708
5640,0.411031,0.018967,0.517741,0.947739
5636,0.345506,0.018266,0.505122,0.868894
5632,0.345458,0.018950,0.520376,0.884784
5628,0.345402,0.018928,0.570374,0.934705
5624,0.338887,0.018941,0.509726,0.867554
5620,0.348033,0.018905,0.518322,0.885261
5616,0.410390,0.018912,0.515287,0.944589
5612,0.348389,0.018407,0.519349,0.886144
5608,0.343952,0.018517,0.505877,0.868346
5604,0.415779,0.018825,0.511694,0.946297
5600,0.341806,0.018840,0.516532,0.877178
5596,0.346047,0.018317,0.509341,0.873706
5592,0.405584,0.018815,0.515047,0.939446
5588,0.345970,0.018771,0.513217,0.877958
5584,0.345884,0.018466,0.505740,0.870090
5580,0.408178,0.018744,0.504366,0.931288
5576,0.357260,0.018749,0.511078,0.887086
5572,0.341821,0.018727,0.508218,0.868767
5568,0.345768,0.018720,0.559570,0.924059
5564,0.343695,0.018671,0.505178,0.867544
5560,0.343233,0.018671,0.501807,0.863711
5556,0.343774,0.018689,0.571486,0.933949
5552,0.341367,0.018631,0.513182,0.873180
5548,0.337179,0.018669,0.477352,0.833199
5544,0.401866,0.018632,0.480367,0.900865
5540,0.345465,0.018134,0.477584,0.841183
5536,0.334836,0.018616,0.482998,0.836451
5532,0.407006,0.018564,0.477731,0.903301
5528,0.337702,0.018572,0.475394,0.831668
5524,0.338687,0.018556,0.484744,0.841987
5520,0.340044,0.018533,0.475448,0.834026
5516,0.397508,0.017986,0.497741,0.913235
5512,0.341420,0.018531,0.491581,0.851533
5508,0.340090,0.018513,0.495609,0.854211
5504,0.405167,0.018456,0.478190,0.901813
5500,0.337214,0.018406,0.480528,0.836148
5496,0.335202,0.018265,0.481070,0.834537
5492,0.389684,0.018463,0.472281,0.880428
5488,0.336332,0.018429,0.472220,0.826982
5484,0.336344,0.018425,0.474976,0.829745
5480,0.325027,0.018427,0.536788,0.880242
5476,0.336058,0.018369,0.483093,0.837520
5472,0.333008,0.018397,0.475105,0.826510
5468,0.402656,0.018373,0.481752,0.902781
5464,0.383644,0.018358,0.518790,0.920792
5460,0.370800,0.018328,0.483460,0.872588
5456,0.330705,0.018363,0.539761,0.888829
5452,0.354491,0.018306,0.465881,0.838679
5448,0.335161,0.017717,0.481090,0.833968
5444,0.391881,0.018318,0.475533,0.885732
5440,0.332383,0.018272,0.465862,0.816517
5436,0.333345,0.017835,0.464117,0.815297
5432,0.335546,0.018237,0.461548,0.815331
5428,0.387880,0.017687,0.468093,0.873660
5424,0.329165,0.018114,0.464689,0.811968
5420,0.333441,0.017774,0.535726,0.886940
5416,0.333423,0.018184,0.462715,0.814323
5412,0.331523,0.017301,0.463405,0.812229
5408,0.330357,0.018170,0.532522,0.881049
5404,0.332445,0.017658,0.464124,0.814228
5400,0.334604,0.018114,0.482564,0.835282
5396,0.344565,0.017740,0.482466,0.844770
5392,0.396679,0.018117,0.478538,0.893333
5388,0.330930,0.018071,0.482279,0.831279
5384,0.330515,0.018080,0.477183,0.825778
5380,0.331963,0.018079,0.558206,0.908248
5376,0.335172,0.018090,0.480161,0.833423
5372,0.333229,0.018036,0.480852,0.832117
5368,0.326312,0.018018,0.545897,0.890228
5364,0.343521,0.017493,0.482966,0.843980
5360,0.326390,0.018004,0.493804,0.838199
5356,0.331379,0.017986,0.488767,0.838132
5352,0.388496,0.017975,0.481918,0.888389
5348,0.332221,0.017468,0.520309,0.869998
5344,0.359612,0.017376,0.522055,0.899043
5340,0.367117,0.017889,0.566168,0.951174
5336,0.328696,0.017916,0.474071,0.820684
5332,0.328542,0.017919,0.476554,0.823016
5328,0.387926,0.017892,0.489148,0.894966
5324,0.323145,0.017734,0.469763,0.810642
5320,0.326812,0.017864,0.464240,0.808916
5316,0.326287,0.017836,0.528597,0.872720
5312,0.331007,0.017281,0.480533,0.828821
5308,0.323528,0.017820,0.460744,0.802093
5304,0.325341,0.017782,0.540230,0.883353
5300,0.323616,0.017801,0.453581,0.794998
5296,0.326401,0.017700,0.441455,0.785557
5292,0.322577,0.017776,0.522074,0.862427
5288,0.320844,0.017738,0.451514,0.790096
5284,0.320468,0.017731,0.456919,0.795117
5280,0.318875,0.017739,0.520462,0.857076
5276,0.317706,0.017737,0.455769,0.791211
5272,0.323456,0.017703,0.452732,0.793892
5268,0.313185,0.017672,0.450964,0.781821
5264,0.378768,0.017628,0.453118,0.849515
5260,0.319150,0.017648,0.449409,0.786208
5256,0.319302,0.017301,0.457579,0.794182
5252,0.383130,0.017619,0.443957,0.844705
5248,0.319698,0.017587,0.440897,0.778182
5244,0.317877,0.017580,0.467235,0.802692
5240,0.380587,0.017606,0.452885,0.851078
5236,0.320867,0.017559,0.452329,0.790755
5232,0.316838,0.017183,0.453079,0.787099
5228,0.319823,0.017549,0.441933,0.779305
5224,0.381538,0.017488,0.449905,0.848931
5220,0.317518,0.017090,0.440619,0.775226
5216,0.319146,0.017526,0.441740,0.778411
5212,0.313848,0.017500,0.506486,0.837835
5208,0.315373,0.017490,0.435238,0.768102
5204,0.318117,0.017475,0.440331,0.775922
5200,0.314300,0.017467,0.503222,0.834990
5196,0.316635,0.017421,0.437762,0.771819
5192,0.316931,0.016934,0.433169,0.767034
5188,0.315546,0.016963,0.437979,0.770487
5184,0.382416,0.017396,0.436509,0.836322
5180,0.313568,0.017365,0.435458,0.766391
5176,0.311084,0.017400,0.440004,0.768487
5172,0.395875,0.017373,0.436611,0.849859
5168,0.314021,0.017337,0.432442,0.763800
5164,0.315158,0.017308,0.442697,0.775162
5160,0.314999,0.017319,0.440641,0.772959
5156,0.371567,0.017274,0.431966,0.820806
5152,0.313579,0.016754,0.432771,0.763104
5148,0.314449,0.017287,0.436644,0.768379
5144,0.378039,0.017264,0.440141,0.835444
5140,0.315340,0.017248,0.424457,0.757045
5136,0.311490,0.017231,0.438983,0.767704
5132,0.315137,0.017222,0.486280,0.818639
5128,0.313607,0.017213,0.435273,0.766093
5124,0.310900,0.017171,0.440300,0.768371
5120,0.333381,0.016810,0.506054,0.856246
5116,0.313335,0.017150,0.442216,0.772702
5112,0.307779,0.017160,0.430039,0.754978
5108,0.309448,0.017149,0.498758,0.825355
5104,0.311896,0.017075,0.430920,0.759891
5100,0.309670,0.017069,0.428750,0.755488
5096,0.309849,0.017040,0.424323,0.751211
5092,0.366111,0.017069,0.430655,0.813835
5088,0.310932,0.017071,0.433562,0.761565
5084,0.306499,0.017077,0.433269,0.756845
5080,0.368996,0.017050,0.430840,0.816886
5076,0.308917,0.017009,0.432011,0.757937
5072,0.305919,0.017029,0.430590,0.753538
5068,0.307535,0.017019,0.493552,0.818106
5064,0.312946,0.016985,0.432311,0.762241
5060,0.307222,0.016981,0.426972,0.751175
5056,0.306074,0.016953,0.434724,0.757751
5052,0.368756,0.016972,0.429696,0.815424
5048,0.306321,0.016941,0.416875,0.740137
5044,0.306907,0.016548,0.422613,0.746068
5040,0.368944,0.016364,0.417686,0.802994
5036,0.307791,0.016901,0.426823,0.751514
5032,0.309766,0.016894,0.433723,0.760383
5028,0.302690,0.016856,0.431265,0.750811
5024,0.367262,0.016865,0.414878,0.799005
5020,0.306515,0.016363,0.418698,0.741576
5016,0.301198,0.016848,0.427465,0.745512
5012,0.304785,0.016445,0.427307,0.748537
5008,0.365558,0.016804,0.413387,0.795749
5004,0.302932,0.016417,0.428468,0.747817
5000,0.305949,0.016312,0.418813,0.741075
4996,0.300722,0.016758,0.414550,0.732031
4992,0.366382,0.016742,0.423950,0.807075
4988,0.300968,0.016719,0.411203,0.728890
4984,0.298536,0.016731,0.412925,0.728192
4980,0.303411,0.016663,0.482768,0.802842
4976,0.300905,0.016711,0.426632,0.744248
4972,0.303851,0.016677,0.416493,0.737021
4968,0.300380,0.016677,0.410458,0.727515
4964,0.359073,0.016261,0.414954,0.790288
4960,0.299547,0.016654,0.413616,0.729818
4956,0.300391,0.016642,0.416618,0.733651
4952,0.298836,0.016619,0.478847,0.794302
4948,0.299484,0.016614,0.421999,0.738098
4944,0.300031,0.016280,0.415182,0.731493
4940,0.319186,0.016557,0.423926,0.759669
4936,0.361018,0.015951,0.414997,0.791966
4932,0.297482,0.016208,0.415459,0.729149
4928,0.301627,0.016559,0.418845,0.737031
4924,0.355934,0.016488,0.420515,0.792938
4920,0.303471,0.016485,0.412033,0.731989
4916,0.301064,0.016489,0.405706,0.723259
4912,0.361906,0.016458,0.416976,0.795340
4908,0.297378,0.016440,0.409764,0.723581
4904,0.297314,0.016413,0.409750,0.723476
4900,0.296357,0.016394,0.410042,0.722793
4896,0.358934,0.016400,0.408397,0.783731
4892,0.296957,0.015932,0.403903,0.716792
4888,0.301901,0.016345,0.415281,0.733527
4884,0.296210,0.016399,0.450640,0.763249
4880,0.376033,0.016343,0.439829,0.832205
4876,0.299163,0.016343,0.415417,0.730923
4872,0.290945,0.016355,0.406148,0.713448
4868,0.317736,0.016328,0.476946,0.811010
4864,0.297245,0.016303,0.407536,0.721083
4860,0.303187,0.016281,0.407898,0.727366
4856,0.295891,0.016249,0.469090,0.781229
4852,0.290964,0.016285,0.399891,0.707140
4848,0.295641,0.016250,0.397887,0.709778
4844,0.289659,0.016251,0.400369,0.706279
4840,0.357036,0.016232,0.397324,0.770592
4836,0.290057,0.016220,0.407134,0.713412
4832,0.293851,0.016196,0.401664,0.711711
4828,0.295518,0.016183,0.469357,0.781058
4824,0.293921,0.016169,0.401838,0.711927
4820,0.289925,0.016161,0.400546,0.706631
4816,0.290665,0.016139,0.403496,0.710300
4812,0.348969,0.016166,0.407019,0.772155
4808,0.286271,0.016155,0.401970,0.704396
4804,0.285300,0.016099,0.402523,0.703922
4800,0.290953,0.016096,0.393557,0.700606
4796,0.289910,0.015744,0.393252,0.698905
4792,0.358907,0.015569,0.390526,0.765003
4788,0.287391,0.016058,0.395230,0.698678
4784,0.285085,0.015743,0.397636,0.698465
4780,0.291389,0.016049,0.398928,0.706367
4776,0.347442,0.016014,0.400853,0.764309
4772,0.285969,0.015594,0.398829,0.700393
4768,0.288110,0.015955,0.400848,0.704913
4764,0.288447,0.015935,0.391504,0.695887
4760,0.344646,0.015989,0.390252,0.750887
4756,0.289239,0.015409,0.395468,0.700116
4752,0.287237,0.015423,0.394689,0.697348
4748,0.287477,0.015920,0.395280,0.698678
4744,0.343622,0.015920,0.396596,0.756138
4740,0.284862,0.015899,0.395977,0.696737
4736,0.288481,0.015891,0.394855,0.699226
4732,0.348264,0.015831,0.384591,0.748685
4728,0.282489,0.015855,0.390283,0.688627
4724,0.286174,0.015832,0.396356,0.698362
4720,0.279599,0.015822,0.391877,0.687298
4716,0.347870,0.015381,0.395063,0.758314
4712,0.283734,0.015771,0.393485,0.692990
4708,0.282357,0.015795,0.395900,0.694052
4704,0.279098,0.015773,0.399871,0.694741
4700,0.344815,0.015261,0.407411,0.767486
4696,0.283365,0.015734,0.404680,0.703780
4692,0.285724,0.015716,0.406361,0.707801
4688,0.285281,0.015193,0.398941,0.699414
4684,0.343755,0.015033,0.414656,0.773444
4680,0.283196,0.015691,0.416537,0.715423
4676,0.281582,0.015668,0.403842,0.701092
4672,0.282638,0.015660,0.404141,0.702439
4668,0.281340,0.015631,0.466372,0.763343
4664,0.279467,0.015645,0.396013,0.691124
4660,0.279685,0.015628,0.399084,0.694397
4656,0.299359,0.015585,0.397323,0.712266
4652,0.279096,0.015603,0.394069,0.688768
4648,0.342538,0.015583,0.395558,0.753679
4644,0.276961,0.014918,0.391669,0.683547
4640,0.281153,0.015525,0.411427,0.708104
4636,0.277958,0.015556,0.394616,0.688130
4632,0.276683,0.015536,0.451223,0.743441
4628,0.281245,0.015513,0.386343,0.683100
4624,0.277868,0.015510,0.394736,0.688113
4620,0.279224,0.015465,0.385758,0.680447
4616,0.338243,0.015499,0.407041,0.760782
4612,0.280062,0.015462,0.392110,0.687634
4608,0.277355,0.015123,0.386607,0.679085
4604,0.281790,0.015410,0.385340,0.682540
4600,0.342353,0.015432,0.392473,0.750258
4596,0.273123,0.015394,0.385627,0.674145
4592,0.276648,0.015410,0.395178,0.687237
4588,0.280901,0.015382,0.383884,0.680168
4584,0.339897,0.014667,0.395232,0.749796
4580,0.277575,0.014891,0.382958,0.675424
3868,0.317384,0.000677,0.336558,0.654619
3864,0.232956,0.012721,0.326697,0.572373
3860,0.237991,0.012930,0.405966,0.656886
3856,0.236524,0.012909,0.329729,0.579162
3852,0.230958,0.012923,0.323272,0.567153
3848,0.232311,0.012891,0.324318,0.569520
3844,0.232311,0.012897,0.325618,0.570826
3840,0.231025,0.012879,0.391546,0.635451
3836,0.231035,0.012576,0.325422,0.569034
3832,0.230219,0.012829,0.325397,0.568445
3828,0.233656,0.012835,0.323217,0.569708
3824,0.231283,0.012519,0.323025,0.566826
3820,0.288013,0.012803,0.325732,0.626547
3816,0.228927,0.012519,0.326292,0.567739
3812,0.229477,0.012724,0.321194,0.563396
3808,0.230419,0.012728,0.323672,0.566818
3804,0.230238,0.012748,0.324871,0.567857
3800,0.233577,0.012426,0.317006,0.563009
3796,0.228544,0.012445,0.380502,0.621491
3792,0.230739,0.012640,0.316614,0.559993
3788,0.232162,0.012653,0.315689,0.560504
3784,0.231555,0.012368,0.314483,0.558406
3780,0.230859,0.012651,0.318876,0.562386
3776,0.284861,0.012654,0.318096,0.615611
3772,0.228075,0.012354,0.313525,0.553954
3768,0.229590,0.012600,0.314134,0.556324
3764,0.232367,0.012604,0.314166,0.559137
3760,0.230144,0.012571,0.312387,0.555102
3756,0.285337,0.012278,0.314017,0.611632
3752,0.226565,0.012541,0.315118,0.554224
3748,0.226025,0.012544,0.315597,0.554166
3744,0.228489,0.012535,0.312903,0.553927
3740,0.229067,0.012205,0.309978,0.551249
3736,0.230406,0.012524,0.369682,0.612612
3732,0.228100,0.012471,0.315988,0.556560
3728,0.225207,0.012498,0.311254,0.548959
3724,0.226216,0.012485,0.310929,0.549630
3720,0.226735,0.012441,0.371676,0.610852
3716,0.226671,0.012425,0.311285,0.550380
3712,0.227853,0.012432,0.311420,0.551705
3708,0.227418,0.012415,0.308663,0.548496
3704,0.228058,0.012401,0.308879,0.549338
3700,0.280175,0.012397,0.306381,0.598952
3696,0.225883,0.012357,0.308883,0.547123
3692,0.224939,0.012370,0.308333,0.545642
3688,0.228720,0.012339,0.304098,0.545158
3684,0.222472,0.012327,0.306053,0.540852
3680,0.223070,0.012006,0.304783,0.539858
3676,0.224476,0.012305,0.362449,0.599230
3672,0.220912,0.012275,0.300601,0.533788
3668,0.224211,0.012276,0.309396,0.545883
3664,0.224149,0.012265,0.303623,0.540038
3660,0.223822,0.012256,0.300818,0.536896
3656,0.281057,0.012231,0.303973,0.597260
3652,0.225821,0.012226,0.302349,0.540396
3648,0.227187,0.012234,0.302434,0.541856
3644,0.218094,0.012208,0.301503,0.531805
3640,0.220920,0.012195,0.304277,0.537392
3636,0.221190,0.012170,0.359303,0.592663
3632,0.217326,0.012155,0.300398,0.529878
3628,0.222775,0.012117,0.301605,0.536497
3624,0.219902,0.011771,0.303105,0.534778
3620,0.218712,0.012112,0.300832,0.531657
3616,0.218051,0.012098,0.300153,0.530302
3612,0.274492,0.011578,0.300149,0.586218
3608,0.220717,0.011673,0.297959,0.530349
3604,0.219220,0.011665,0.294162,0.525047
3600,0.220978,0.012043,0.299796,0.532817
3596,0.220379,0.011727,0.296975,0.529081
3592,0.277920,0.012028,0.307428,0.597376
3588,0.216075,0.011719,0.301536,0.529330
3584,0.216452,0.011987,0.294683,0.523123
3580,0.219167,0.011975,0.295004,0.526145
3576,0.217602,0.011652,0.294415,0.523668
3572,0.278038,0.011871,0.297554,0.587462
3568,0.218595,0.011908,0.297976,0.528479
3564,0.218165,0.011605,0.294568,0.524337
3560,0.219658,0.011910,0.294738,0.526306
3556,0.214658,0.011897,0.291156,0.517711
3552,0.276971,0.011873,0.294021,0.582866
3548,0.214025,0.011595,0.293594,0.519215
3544,0.216888,0.011841,0.291047,0.519776
3540,0.217248,0.011847,0.290458,0.519553
3536,0.219773,0.011813,0.292074,0.523660
3532,0.224998,0.011781,0.291546,0.528325
3528,0.217160,0.011806,0.290927,0.519894
3524,0.216932,0.011777,0.354559,0.583267
3520,0.213986,0.011500,0.284734,0.510219
3516,0.218726,0.011420,0.290463,0.520610
3512,0.214000,0.011750,0.290604,0.516354
3508,0.213960,0.011704,0.291208,0.516872
3504,0.271729,0.011658,0.290527,0.573914
3500,0.214045,0.011703,0.287883,0.513631
3496,0.213253,0.011679,0.288428,0.513360
3492,0.215566,0.011659,0.284744,0.511969
3488,0.212940,0.011617,0.292206,0.516763
3484,0.212523,0.011626,0.283457,0.507606
3480,0.267670,0.011631,0.284558,0.563859
3476,0.213022,0.011306,0.285704,0.510032
3472,0.210126,0.011604,0.283849,0.505579
3468,0.210225,0.011575,0.281747,0.503547
3464,0.209372,0.011599,0.287113,0.508085
3460,0.213341,0.011555,0.282572,0.507468
3456,0.227058,0.011538,0.362172,0.600769
3452,0.221671,0.011522,0.297734,0.530928
3448,0.219383,0.011529,0.281911,0.512824
3444,0.208367,0.011506,0.282082,0.501955
3440,0.213215,0.011415,0.279023,0.503653
3436,0.211529,0.011461,0.302566,0.525556
3432,0.211294,0.011049,0.335827,0.558170
3428,0.208640,0.011454,0.277891,0.497985
3424,0.209538,0.011442,0.277999,0.498979
3420,0.206026,0.011137,0.274571,0.491733
3416,0.209932,0.011408,0.276877,0.498217
3412,0.207790,0.011137,0.277410,0.496336
3408,0.260003,0.011404,0.277661,0.549068
3404,0.205917,0.011117,0.275212,0.492246
3400,0.208129,0.011362,0.275586,0.495077
3396,0.207307,0.011061,0.276343,0.494711
3392,0.206986,0.011340,0.275281,0.493607
3388,0.263186,0.011320,0.276798,0.551304
3384,0.204108,0.011315,0.274109,0.489532
3380,0.204975,0.011287,0.274331,0.490593
3376,0.203123,0.011302,0.274411,0.488836
3372,0.203797,0.011277,0.272366,0.487440
3368,0.259205,0.011262,0.274398,0.544865
3364,0.206312,0.010652,0.271835,0.488799
3360,0.203810,0.011194,0.271381,0.486386
3356,0.203304,0.011215,0.272224,0.486742
3352,0.203434,0.011203,0.274048,0.488685
3348,0.204805,0.010672,0.274111,0.489588
3344,0.260390,0.011151,0.273227,0.544768
3340,0.205304,0.011154,0.271070,0.487527
3336,0.203467,0.011118,0.270009,0.484594
3332,0.204695,0.010779,0.267408,0.482882
3328,0.203512,0.011117,0.270598,0.485227
3324,0.201290,0.011098,0.270104,0.482491
3320,0.257330,0.011074,0.270900,0.539303
3316,0.203952,0.011063,0.266443,0.481459
3312,0.201834,0.011068,0.266580,0.479483
3308,0.201365,0.011046,0.265198,0.477609
3304,0.201749,0.011040,0.266942,0.479731
3300,0.204802,0.011000,0.264690,0.480493
3296,0.201454,0.011014,0.264935,0.477404
3292,0.254952,0.011000,0.264999,0.530951
3288,0.200513,0.010979,0.261454,0.472946
3284,0.204783,0.010920,0.263224,0.478927
3280,0.200341,0.010954,0.264117,0.475412
3276,0.200096,0.010941,0.262577,0.473613
3272,0.199903,0.010625,0.260568,0.471096
3268,0.201693,0.010906,0.323426,0.536026
3264,0.200161,0.010890,0.268770,0.479822
3260,0.199626,0.010882,0.263300,0.473808
3256,0.201112,0.010864,0.262243,0.474220
3252,0.200467,0.010844,0.261065,0.472377
3248,0.253209,0.010841,0.258958,0.523008
3244,0.202313,0.010544,0.260080,0.472938
3240,0.198621,0.010816,0.260848,0.470285
3236,0.195804,0.010783,0.261925,0.468513
3232,0.196223,0.010795,0.260916,0.467934
3228,0.198068,0.010745,0.259614,0.468427
3224,0.199985,0.010756,0.316437,0.527177
3220,0.199090,0.010737,0.259731,0.469559
3216,0.197828,0.010435,0.259493,0.467755
3212,0.196983,0.010708,0.257900,0.465590
3208,0.200121,0.010458,0.258298,0.468877
3204,0.196357,0.010686,0.258407,0.465450
3200,0.196047,0.010674,0.317322,0.524043
3196,0.193329,0.010653,0.256634,0.460616
3192,0.194893,0.010645,0.256048,0.461585
3188,0.195086,0.010642,0.254203,0.459932
3184,0.191906,0.010328,0.256112,0.458346
3180,0.192486,0.010602,0.254088,0.457176
3176,0.192843,0.010611,0.320221,0.523674
3172,0.192424,0.010334,0.259288,0.462045
3168,0.194685,0.010572,0.253661,0.458919
3164,0.193096,0.010231,0.251459,0.454786
3160,0.191931,0.010554,0.256332,0.458817
3156,0.193271,0.010539,0.252163,0.455972
3152,0.195120,0.010515,0.254471,0.460106
2604,0.239268,0.000548,0.223280,0.463096
2600,0.171017,0.008086,0.266290,0.445393
2596,0.162836,0.008614,0.231896,0.403346
2592,0.170681,0.008597,0.219280,0.398558
2588,0.224818,0.008582,0.219633,0.453033
2584,0.163035,0.008568,0.215120,0.386722
2580,0.164120,0.008117,0.230300,0.402538
2576,0.158563,0.008543,0.213992,0.381098
2572,0.162853,0.008314,0.218271,0.389439
2568,0.161045,0.008354,0.232326,0.401724
2564,0.159901,0.008499,0.222625,0.391025
2560,0.165116,0.008375,0.207551,0.381042
2556,0.215502,0.008466,0.218648,0.442616
2552,0.160211,0.008293,0.209647,0.378151
2548,0.161989,0.008449,0.213708,0.384146
2544,0.154486,0.008436,0.212507,0.375429
2540,0.155880,0.008423,0.205762,0.370066
2536,0.157039,0.008178,0.210422,0.375639
2532,0.157116,0.008384,0.211271,0.376770
2528,0.155215,0.008368,0.213506,0.377090
2524,0.208630,0.008366,0.205625,0.422621
2520,0.155050,0.008188,0.204852,0.368089
2516,0.155185,0.008331,0.207417,0.370934
2512,0.153447,0.008298,0.204556,0.366301
2508,0.151258,0.008156,0.203794,0.363207
2504,0.153805,0.008231,0.206434,0.368470
2500,0.152273,0.008212,0.204658,0.365143
2496,0.153406,0.008273,0.204388,0.366067
2492,0.152614,0.008089,0.217698,0.378401
2488,0.168089,0.008234,0.327361,0.503684
2484,0.158936,0.008135,0.218116,0.385187
2480,0.158609,0.008104,0.218173,0.384887
2476,0.157770,0.007719,0.226184,0.391673
2472,0.157715,0.008162,0.233582,0.399460
2468,0.153660,0.008161,0.207427,0.369248
2464,0.153512,0.007965,0.218673,0.380150
2460,0.151005,0.008001,0.201911,0.360917
2456,0.151786,0.008121,0.255097,0.415004
2452,0.152834,0.008102,0.196959,0.357895
2448,0.149301,0.008097,0.201632,0.359030
2444,0.150301,0.008073,0.196233,0.354607
2440,0.150027,0.008066,0.199617,0.357710
2436,0.147768,0.008051,0.197023,0.352842
2432,0.152465,0.008045,0.196999,0.357509
2428,0.148800,0.008030,0.198146,0.354975
2424,0.200684,0.008000,0.199407,0.408090
2420,0.149714,0.007999,0.192660,0.350374
2416,0.146502,0.007829,0.196893,0.351225
2412,0.147919,0.007969,0.198041,0.353929
2408,0.147118,0.007945,0.192602,0.347665
2404,0.149158,0.007926,0.194221,0.351306
2400,0.148858,0.007920,0.194010,0.350787
2396,0.145827,0.007923,0.189851,0.343601
2392,0.146298,0.007895,0.192254,0.346447
2388,0.150307,0.007900,0.250155,0.408361
2384,0.145727,0.007885,0.192162,0.345774
2380,0.146487,0.007867,0.193333,0.347686
2376,0.147038,0.007849,0.190053,0.344941
2372,0.144300,0.007854,0.189550,0.341705
2368,0.146262,0.007672,0.191941,0.345876
2364,0.144393,0.007659,0.188795,0.340848
2360,0.147449,0.007795,0.186591,0.341835
2356,0.145529,0.007776,0.190026,0.343331
2352,0.198762,0.007621,0.189443,0.395826
2348,0.143304,0.007748,0.186938,0.337990
2344,0.145575,0.007586,0.189948,0.343109
2340,0.143726,0.007727,0.185533,0.336987
2336,0.142044,0.007715,0.186974,0.336733
2332,0.143694,0.007682,0.186845,0.338222
2328,0.141559,0.007544,0.185276,0.334379
2324,0.143154,0.007536,0.182457,0.333147
2320,0.144683,0.007505,0.241483,0.393671
2316,0.142410,0.007640,0.187226,0.337276
2312,0.140274,0.007612,0.184896,0.332781
2308,0.141425,0.007627,0.185383,0.334435
2304,0.142783,0.007604,0.182458,0.332845
2300,0.139307,0.007447,0.184677,0.331430
2296,0.141067,0.007566,0.182441,0.331074
2292,0.141148,0.007566,0.181413,0.330127
2288,0.139663,0.007562,0.182739,0.329963
2284,0.193394,0.007466,0.181666,0.382526
2280,0.139879,0.007514,0.180900,0.328294
2276,0.141362,0.007504,0.185767,0.334633
2272,0.140015,0.007499,0.178529,0.326043
2268,0.140133,0.007470,0.200113,0.347717
2264,0.159727,0.007442,0.191006,0.358176
2260,0.176965,0.007360,0.250021,0.434346
2256,0.169294,0.007157,0.180512,0.356963
2252,0.139314,0.007254,0.178956,0.325525
2248,0.138206,0.007428,0.177325,0.322959
2244,0.134470,0.007403,0.182594,0.324466
2240,0.139612,0.007382,0.232294,0.379288
2236,0.141706,0.007345,0.205787,0.354838
2232,0.138668,0.007357,0.185841,0.331866
2228,0.135040,0.007325,0.175693,0.318057
2224,0.136190,0.007329,0.186145,0.329664
2220,0.136693,0.007316,0.177652,0.321661
2216,0.132732,0.007296,0.177816,0.317845
2212,0.135438,0.007282,0.173744,0.316465
2208,0.150057,0.007248,0.185822,0.343128
2204,0.137506,0.007272,0.172917,0.317696
2200,0.137759,0.007257,0.177826,0.322842
2196,0.134991,0.007230,0.174947,0.317168
2192,0.187227,0.007196,0.174380,0.368804
2188,0.130465,0.007221,0.174016,0.311702
2184,0.136183,0.007040,0.172617,0.315840
2180,0.134014,0.007172,0.175897,0.317083
2176,0.137089,0.007164,0.170521,0.314774
2172,0.133943,0.007150,0.180823,0.321916
2168,0.130085,0.007142,0.173112,0.310339
2164,0.132362,0.007128,0.180528,0.320018
2160,0.136940,0.007119,0.180580,0.324640
2156,0.132358,0.007096,0.172291,0.311745
2152,0.185297,0.007060,0.167068,0.359425
2148,0.132230,0.007099,0.169666,0.308995
2144,0.131497,0.007053,0.166792,0.305342
2140,0.132784,0.007019,0.176170,0.315974
2136,0.130819,0.006969,0.174191,0.311979
2132,0.132773,0.007019,0.176946,0.316739
2128,0.132717,0.007010,0.165593,0.305320
2124,0.130638,0.006990,0.174934,0.312562
2120,0.132262,0.006979,0.165303,0.304544
2116,0.131760,0.006968,0.174560,0.313288
2112,0.127322,0.006955,0.166042,0.300319
2108,0.130012,0.006943,0.222604,0.359559
2104,0.133701,0.006763,0.164636,0.305100
2100,0.126940,0.006925,0.164493,0.298359
1220,0.125859,0.000612,0.104946,0.231417
1216,0.073810,0.003685,0.103334,0.180829
1212,0.074177,0.003925,0.104766,0.182868
1208,0.074673,0.003894,0.103488,0.182055
1204,0.075184,0.003862,0.105016,0.184063
1200,0.074591,0.003877,0.103968,0.182436
1196,0.075182,0.003723,0.103755,0.182660
1192,0.073356,0.003843,0.101245,0.178443
1188,0.078064,0.003726,0.099996,0.181786
1184,0.077388,0.003743,0.101024,0.182155
1180,0.080245,0.003781,0.100084,0.184111
1176,0.072911,0.003717,0.098477,0.175105
1172,0.072168,0.003762,0.099975,0.175906
1168,0.072786,0.003648,0.099407,0.175842
1164,0.073110,0.003721,0.097589,0.174419
1160,0.072426,0.003719,0.098901,0.175047
1156,0.073652,0.003709,0.097087,0.174447
1152,0.070673,0.003646,0.097054,0.171373
1148,0.070941,0.003700,0.155575,0.230217
1144,0.069778,0.003679,0.096628,0.170084
1140,0.070523,0.003672,0.094491,0.168687
1136,0.070081,0.003622,0.097395,0.171098
1132,0.070575,0.003631,0.093323,0.167529
1128,0.070629,0.003625,0.096089,0.170344
1124,0.074333,0.003579,0.093705,0.171616
1120,0.069483,0.003580,0.093054,0.166117
1116,0.073504,0.003544,0.092684,0.169733
1112,0.073288,0.003458,0.099447,0.176192
1108,0.072479,0.003559,0.091434,0.167472
1104,0.072685,0.003554,0.091317,0.167556
1100,0.072374,0.003499,0.090744,0.166618
1096,0.067946,0.003461,0.090588,0.161995
1092,0.067996,0.003491,0.090971,0.162457
1088,0.068064,0.003479,0.090577,0.162119
1084,0.067143,0.003462,0.088582,0.159186
1080,0.067387,0.003448,0.088581,0.159416
1076,0.067133,0.003422,0.088058,0.158613
1072,0.066860,0.003403,0.088207,0.158469
1068,0.067168,0.003386,0.093753,0.164307
1064,0.073159,0.003349,0.088002,0.164510
1060,0.067037,0.003370,0.086250,0.156658
1056,0.068759,0.003303,0.087106,0.159168
1052,0.065665,0.003357,0.085452,0.154474
1048,0.064589,0.003350,0.086258,0.154197
1044,0.070651,0.003326,0.086928,0.160905
1040,0.069572,0.003294,0.085350,0.158217
1036,0.067753,0.003312,0.083945,0.155010
1032,0.067585,0.003296,0.083954,0.154835
1028,0.068749,0.003248,0.135878,0.207875
1024,0.063858,0.003252,0.083350,0.150460
1020,0.068335,0.003224,0.084269,0.155828
1016,0.066809,0.003212,0.082953,0.152975
1012,0.066359,0.003232,0.082843,0.152433
1008,0.066033,0.003207,0.081967,0.151208
1004,0.066873,0.003154,0.081346,0.151372
1000,0.065769,0.003173,0.080942,0.149884
996,0.065491,0.003151,0.081023,0.149665
992,0.071079,0.003131,0.081166,0.155376
988,0.061898,0.003149,0.082991,0.148038
984,0.061266,0.003119,0.079747,0.144132
980,0.061571,0.003098,0.080644,0.145312
976,0.060740,0.003104,0.079643,0.143487
972,0.060566,0.003063,0.078731,0.142360
968,0.060338,0.003040,0.079599,0.142977
964,0.061410,0.003039,0.079141,0.143590
960,0.060067,0.003042,0.080276,0.143385
956,0.063543,0.003032,0.077205,0.143780
952,0.060990,0.002993,0.078380,0.142363
948,0.059019,0.002978,0.078119,0.140116
944,0.059376,0.002996,0.077026,0.139399
940,0.058744,0.002925,0.076996,0.138666
644,0.089326,0.000371,0.052412,0.142109
640,0.051049,0.001601,0.068299,0.120949
636,0.054988,0.001847,0.064376,0.121211
632,0.051802,0.001752,0.070194,0.123749
628,0.047958,0.001883,0.054345,0.104185
624,0.046896,0.001835,0.056360,0.105090
620,0.045259,0.001781,0.058333,0.105372
616,0.041209,0.001857,0.057062,0.100128
612,0.043998,0.001777,0.052791,0.098566
608,0.040202,0.001837,0.054479,0.096519
604,0.039374,0.001814,0.051669,0.092857
600,0.039492,0.001746,0.049945,0.091184
596,0.040044,0.001798,0.048834,0.090677
592,0.039680,0.001694,0.047989,0.089364
588,0.038819,0.001774,0.047457,0.088050
584,0.039205,0.001703,0.047116,0.088024
580,0.038472,0.001754,0.046854,0.087079
576,0.041561,0.001742,0.043945,0.087248
572,0.038027,0.001720,0.044813,0.084560
568,0.037413,0.001703,0.044445,0.083561
564,0.037451,0.001714,0.043695,0.082859
560,0.036931,0.001675,0.043319,0.081924
556,0.036910,0.001680,0.045919,0.084509
552,0.036936,0.001673,0.042381,0.080990
548,0.036712,0.001640,0.042148,0.080500
544,0.035642,0.001653,0.042430,0.079726
540,0.038563,0.001624,0.042038,0.082225
536,0.034607,0.001632,0.041656,0.077896
532,0.035077,0.001610,0.041148,0.077835
528,0.034781,0.001618,0.041043,0.077442
524,0.035596,0.001537,0.041283,0.078416
520,0.038721,0.001407,0.056712,0.096840
516,0.035428,0.001466,0.040724,0.077617
512,0.034492,0.001534,0.039593,0.075619
508,0.033920,0.001540,0.039257,0.074717
504,0.033198,0.001534,0.039103,0.073835
500,0.034153,0.001459,0.039178,0.074790
496,0.032598,0.001451,0.038725,0.072774
492,0.032477,0.001467,0.038159,0.072103
488,0.032853,0.001477,0.040392,0.074723
484,0.032500,0.001431,0.037475,0.071405
480,0.035538,0.001390,0.037425,0.074353
476,0.031558,0.001431,0.036790,0.069779
472,0.030715,0.001426,0.039917,0.072057
468,0.030502,0.001407,0.036251,0.068160
464,0.030717,0.001413,0.035930,0.068060
460,0.030784,0.001380,0.035339,0.067503
1312,0.133127,0.000436,0.120698,0.254261
1308,0.080636,0.004028,0.118715,0.203379
1304,0.079834,0.004233,0.123748,0.207814
1300,0.079708,0.004226,0.118178,0.202112
1296,0.079225,0.004216,0.116686,0.200128
1292,0.079420,0.004204,0.118037,0.201661
1288,0.079648,0.004076,0.116560,0.200284
1284,0.079206,0.004152,0.116789,0.200146
1280,0.079494,0.003973,0.115724,0.199192
1276,0.079047,0.004142,0.115496,0.198686
1272,0.079575,0.004118,0.115602,0.199295
1268,0.078532,0.004013,0.114188,0.196732
1264,0.079910,0.004067,0.113283,0.197260
1260,0.078516,0.003981,0.115132,0.197629
1256,0.078110,0.004053,0.113217,0.195379
1252,0.077883,0.004044,0.111372,0.193299
1248,0.078147,0.003970,0.166086,0.248203
1244,0.078037,0.003934,0.121137,0.203107
1240,0.081570,0.003954,0.103816,0.189340
1236,0.083916,0.003991,0.105938,0.193845
1232,0.082024,0.003971,0.105113,0.191107
1228,0.075443,0.003901,0.107343,0.186687
1224,0.075134,0.003962,0.103610,0.182706
1220,0.075507,0.003928,0.104094,0.183529
1216,0.075327,0.003857,0.104677,0.183861
1212,0.074780,0.003915,0.102951,0.181646
1208,0.074405,0.003895,0.105586,0.183887
1204,0.075019,0.003879,0.104705,0.183603
1200,0.073803,0.003894,0.100422,0.178119
1196,0.073159,0.003867,0.102629,0.179655
1192,0.073142,0.003845,0.102085,0.179072
1188,0.073278,0.003762,0.099905,0.176945
1184,0.072703,0.003840,0.100871,0.177414
1180,0.076768,0.003819,0.100813,0.181400
1176,0.077291,0.003777,0.098032,0.179100
1172,0.078119,0.003771,0.098049,0.179939
1168,0.077856,0.003765,0.098572,0.180193
1164,0.072171,0.003711,0.099522,0.175403
1160,0.071802,0.003719,0.095457,0.170978
1156,0.074951,0.003710,0.098372,0.177032
1152,0.070482,0.003713,0.096904,0.171099
1148,0.070839,0.003621,0.097452,0.171911
1144,0.070573,0.003628,0.096114,0.170315
1140,0.069617,0.003686,0.096498,0.169801
1136,0.124891,0.003617,0.094250,0.222758
1132,0.069791,0.003656,0.097386,0.170834
1128,0.071232,0.003620,0.094813,0.169665
1124,0.069013,0.003544,0.093375,0.165931
1120,0.068797,0.003605,0.096017,0.168419
1116,0.069158,0.003580,0.093708,0.166445
1112,0.069141,0.003568,0.092583,0.165291
1108,0.067589,0.003567,0.093434,0.164589
1104,0.071781,0.003548,0.092514,0.167842
1100,0.071005,0.003514,0.091780,0.166299
1096,0.071151,0.003517,0.092726,0.167394
1092,0.067845,0.003517,0.096586,0.167948
1088,0.067693,0.003491,0.091210,0.162394
1084,0.067653,0.003405,0.097942,0.169000
1080,0.066550,0.003468,0.090461,0.160479
1076,0.066467,0.003453,0.090519,0.160439
1072,0.071826,0.003408,0.091216,0.166450
1068,0.066136,0.003310,0.088422,0.157868
1064,0.066037,0.003376,0.087985,0.157398
1060,0.065492,0.003387,0.089194,0.158073
1056,0.066396,0.003341,0.086993,0.156730
1052,0.065683,0.003348,0.088041,0.157072
1048,0.065677,0.003351,0.088561,0.157590
1044,0.065296,0.003314,0.086638,0.155247
1040,0.065346,0.003316,0.085777,0.154439
1036,0.064724,0.003223,0.086931,0.154878
1032,0.069138,0.003300,0.085305,0.157742
1028,0.063704,0.003206,0.084991,0.151901
1024,0.063657,0.003281,0.085952,0.152890
1020,0.062785,0.003244,0.084997,0.151026
1016,0.115296,0.003247,0.083682,0.202225
1012,0.062349,0.003219,0.085012,0.150580
1008,0.063422,0.003229,0.083709,0.150360
1004,0.062774,0.003193,0.084511,0.150478
1000,0.061572,0.003112,0.084060,0.148744
996,0.063220,0.003036,0.082309,0.148564
992,0.061944,0.003164,0.082316,0.147424
988,0.061985,0.003163,0.081517,0.146665
984,0.062304,0.003087,0.083011,0.148402
980,0.062807,0.003060,0.080715,0.146582
976,0.060831,0.003115,0.081193,0.145139
2372,0.209149,0.000524,0.208664,0.418337
2368,0.144966,0.007631,0.197098,0.349695
2364,0.143634,0.007812,0.196517,0.347962
2360,0.144374,0.007776,0.193657,0.345808
2356,0.145856,0.007781,0.194092,0.347729
2352,0.144624,0.007762,0.201359,0.353744
2348,0.146068,0.007499,0.201843,0.355411
2344,0.201402,0.007754,0.207100,0.416256
2340,0.145082,0.007536,0.207205,0.359824
2336,0.149766,0.007575,0.199963,0.357305
2332,0.144478,0.007711,0.200780,0.352969
2328,0.146620,0.007560,0.214264,0.368444
2324,0.144413,0.007673,0.196764,0.348850
2320,0.145833,0.007510,0.200642,0.353985
2316,0.143034,0.007654,0.198942,0.349630
2312,0.148188,0.007632,0.196019,0.351839
2308,0.145320,0.007619,0.247881,0.400819
2304,0.145882,0.007386,0.199733,0.353001
2300,0.145337,0.007590,0.195254,0.348181
2296,0.142970,0.007587,0.193321,0.343879
2292,0.140403,0.007568,0.196582,0.344553
2288,0.141913,0.007344,0.193523,0.342781
2284,0.141291,0.007539,0.194553,0.343383
2280,0.143728,0.007520,0.195179,0.346427
2276,0.142635,0.007329,0.191999,0.341964
2272,0.140443,0.007503,0.192834,0.340779
2268,0.197259,0.007478,0.203046,0.407783
2264,0.139762,0.007474,0.193143,0.340379
2260,0.142790,0.007442,0.189439,0.339670
2256,0.139476,0.007438,0.195234,0.342148
2252,0.138657,0.007412,0.190229,0.336299
2248,0.140408,0.007421,0.203053,0.350882
2244,0.138320,0.007244,0.190567,0.336131
2240,0.137960,0.007389,0.190072,0.335420
2236,0.141901,0.007358,0.188536,0.337796
2232,0.139442,0.007145,0.239955,0.386542
2228,0.142635,0.007169,0.188732,0.338536
2224,0.139196,0.007313,0.189149,0.335659
2220,0.141408,0.007308,0.190618,0.339334
2216,0.136155,0.007303,0.189963,0.333421
2212,0.137868,0.007271,0.184940,0.330079
2208,0.137431,0.007280,0.187716,0.332427
2204,0.138351,0.007098,0.184711,0.330159
2200,0.137997,0.007223,0.190951,0.336170
2196,0.136785,0.007230,0.182866,0.326881
2192,0.137714,0.007206,0.188976,0.333896
2188,0.136972,0.007035,0.242044,0.386051
2184,0.136380,0.007193,0.184114,0.327687
2180,0.138760,0.007160,0.185787,0.331707
2176,0.137007,0.007152,0.184351,0.328510
2172,0.140446,0.007148,0.186893,0.334487
2168,0.136545,0.007076,0.183910,0.327531
2164,0.134987,0.007124,0.185713,0.327825
2160,0.134608,0.007104,0.180783,0.322495
2156,0.134204,0.007099,0.184473,0.325775
2152,0.134537,0.007068,0.182835,0.324440
2148,0.189630,0.007065,0.179239,0.375934
2144,0.137461,0.007052,0.180097,0.324610
2140,0.141364,0.006860,0.177801,0.326025
2136,0.139760,0.006823,0.181952,0.328535
2132,0.136007,0.007019,0.177011,0.320037
2128,0.141329,0.006978,0.181901,0.330207
2124,0.132594,0.006810,0.177851,0.317255
2120,0.133898,0.006953,0.181179,0.322030
2116,0.132069,0.006775,0.177060,0.315904
2112,0.131102,0.006955,0.181160,0.319217
2108,0.131015,0.006728,0.176885,0.314629
2104,0.133507,0.006890,0.234191,0.374588
2100,0.131904,0.006856,0.176002,0.314762
2096,0.134242,0.006662,0.174715,0.315619
2092,0.130103,0.006861,0.174774,0.311738
2088,0.129206,0.006696,0.176375,0.312277
2084,0.131727,0.006849,0.177653,0.316229
2080,0.130204,0.006841,0.174959,0.312004
2076,0.129939,0.006790,0.177737,0.314467
2072,0.129316,0.006807,0.175363,0.311485
2068,0.129181,0.006793,0.173293,0.309267
2064,0.127020,0.006788,0.172861,0.306669
2060,0.132299,0.006541,0.171084,0.309924
2056,0.129547,0.006756,0.175592,0.311895
2052,0.127728,0.006739,0.170334,0.304801
2048,0.130123,0.006722,0.188701,0.325546
2044,0.180429,0.006720,0.170318,0.357468
2040,0.127889,0.006694,0.168564,0.303148
2036,0.130264,0.006652,0.178144,0.315060
2032,0.125579,0.006675,0.170346,0.302600
2028,0.127079,0.006665,0.172568,0.306311
2024,0.128108,0.006456,0.167796,0.302360
2020,0.129954,0.006640,0.171944,0.308539
2016,0.125531,0.006640,0.166759,0.298931
2012,0.127152,0.006611,0.170748,0.304510
2008,0.125375,0.006591,0.165353,0.297318
2004,0.129722,0.006557,0.168851,0.305130
2000,0.124366,0.006576,0.165980,0.296922
1996,0.124608,0.006553,0.167478,0.298639
1992,0.124970,0.006535,0.216743,0.348248
1988,0.122688,0.006519,0.166165,0.295371
1984,0.131395,0.006334,0.166300,0.304029
1980,0.129542,0.006490,0.165551,0.301583
1976,0.128485,0.006480,0.163632,0.298597
1972,0.123780,0.006473,0.162088,0.292341
1968,0.120849,0.006467,0.164038,0.291354
1964,0.124915,0.006451,0.161677,0.293042
1960,0.129386,0.006425,0.161858,0.297668
1956,0.123201,0.006420,0.165295,0.294916
1952,0.122275,0.006397,0.215718,0.344390
1948,0.125479,0.006399,0.159028,0.290905
1944,0.122614,0.006369,0.162460,0.291444
1940,0.123821,0.006371,0.158438,0.288630
1936,0.121155,0.006359,0.160265,0.287779
1932,0.130115,0.006336,0.157514,0.293965
1928,0.122125,0.006109,0.160538,0.288772
1924,0.120499,0.006299,0.157290,0.284087
1920,0.118284,0.006311,0.161284,0.285879
1916,0.125483,0.006280,0.158571,0.290334
1912,0.120157,0.006266,0.159285,0.285707
1908,0.175121,0.006261,0.156074,0.337456
1904,0.119665,0.006248,0.159627,0.285540
1900,0.118425,0.006104,0.156892,0.281421
1896,0.119922,0.006205,0.158276,0.284402
1892,0.119503,0.006206,0.154746,0.280456
1888,0.119682,0.006170,0.154298,0.280149
1884,0.118035,0.006137,0.155488,0.279660
3244,0.275198,0.000614,0.287079,0.562891
3240,0.203660,0.010572,0.280019,0.494251
3236,0.201786,0.010816,0.278041,0.490643
3232,0.199714,0.010787,0.336822,0.547323
3228,0.198350,0.010768,0.276544,0.485663
3224,0.197650,0.010769,0.274777,0.483197
3220,0.211396,0.010517,0.273717,0.495630
3216,0.204110,0.010726,0.274210,0.489045
3212,0.199342,0.010483,0.273530,0.483355
3208,0.249995,0.010730,0.275903,0.536629
3204,0.210658,0.010709,0.274969,0.496336
3200,0.206078,0.010690,0.273392,0.490161
3196,0.197203,0.010667,0.274111,0.481981
3192,0.196916,0.010665,0.277396,0.484977
3188,0.210272,0.010628,0.275487,0.496387
3184,0.212435,0.010639,0.330560,0.553634
3180,0.195395,0.010635,0.278075,0.484105
3176,0.198646,0.010381,0.271098,0.480125
3172,0.199580,0.010557,0.270781,0.480918
3168,0.196214,0.010581,0.269825,0.476619
3164,0.209928,0.010573,0.271918,0.492419
3160,0.195121,0.010294,0.327471,0.532886
3156,0.193561,0.010538,0.267922,0.472021
3152,0.194712,0.010521,0.268767,0.474000
3148,0.198066,0.010223,0.269373,0.477662
3144,0.194604,0.010478,0.271919,0.477001
3140,0.194919,0.010459,0.266995,0.472374
3136,0.192239,0.010445,0.326458,0.529142
3132,0.190616,0.010462,0.265279,0.466357
3128,0.197427,0.010428,0.265251,0.473106
3124,0.195353,0.010416,0.265060,0.470828
3120,0.190897,0.010430,0.263698,0.465025
3116,0.190901,0.010397,0.264738,0.466036
3112,0.190407,0.010380,0.320737,0.521524
3108,0.192034,0.010380,0.262849,0.465263
3104,0.192437,0.010122,0.262119,0.464678
3100,0.190923,0.010338,0.262240,0.463501
3096,0.192266,0.010333,0.260689,0.463288
3092,0.193687,0.010298,0.260713,0.464699
3088,0.246171,0.010295,0.260055,0.516521
3084,0.192776,0.010291,0.259789,0.462857
3080,0.191181,0.010015,0.259004,0.460200
3076,0.192616,0.010266,0.260516,0.463398
3072,0.189653,0.010230,0.257123,0.457007
3068,0.190160,0.010211,0.258031,0.458402
3064,0.187340,0.010232,0.260476,0.458048
3060,0.244756,0.010236,0.259004,0.513995
3056,0.192498,0.009924,0.265496,0.467918
3052,0.188701,0.010165,0.254757,0.453623
3048,0.189112,0.010170,0.256969,0.456251
3044,0.191643,0.010150,0.255094,0.456886
3040,0.186707,0.010136,0.255150,0.451993
3036,0.245616,0.010121,0.253017,0.508755
3032,0.187567,0.010093,0.254884,0.452545
3028,0.191084,0.010109,0.251737,0.452929
3024,0.189476,0.010061,0.252330,0.451868
3020,0.187056,0.010076,0.251583,0.448715
3016,0.186890,0.010067,0.261742,0.458699
3012,0.201942,0.010033,0.250400,0.462376
3008,0.184663,0.010000,0.253434,0.448097
3004,0.184567,0.009794,0.249855,0.444216
3000,0.185554,0.009984,0.309378,0.504915
2996,0.188222,0.009961,0.249168,0.447352
2992,0.184695,0.009707,0.251667,0.446070
2988,0.184278,0.009980,0.248832,0.443090
2984,0.184339,0.009772,0.247952,0.442064
2980,0.183615,0.009928,0.255638,0.449180
2976,0.190079,0.009689,0.248904,0.448672
2972,0.185839,0.009889,0.300732,0.496459
2968,0.183135,0.009896,0.246492,0.439523
2964,0.180862,0.009666,0.243659,0.434187
2960,0.185458,0.009863,0.247278,0.442599
2956,0.182135,0.009846,0.248077,0.440058
2952,0.182192,0.009851,0.245758,0.437800
2948,0.193071,0.009814,0.311964,0.514849
2944,0.182791,0.009437,0.251719,0.443948
2940,0.181155,0.009790,0.248699,0.439645
2936,0.180147,0.009795,0.245004,0.434947
2932,0.179781,0.009770,0.244232,0.433783
2928,0.182483,0.009769,0.243813,0.436065
2924,0.179938,0.009741,0.243539,0.433218
2920,0.234520,0.009737,0.244292,0.488549
2916,0.179459,0.009720,0.245826,0.435005
2912,0.179912,0.009706,0.241680,0.431299
2908,0.182600,0.009695,0.241716,0.434011
2904,0.196474,0.009659,0.243824,0.449956
2900,0.185793,0.009348,0.241665,0.436806
2896,0.179893,0.009636,0.301512,0.491041
2892,0.179638,0.009630,0.241544,0.430812
2888,0.177817,0.009617,0.240983,0.428416
2884,0.178285,0.009604,0.245495,0.433385
2880,0.173503,0.009603,0.239558,0.422664
2876,0.177254,0.009325,0.238741,0.425320
2872,0.181984,0.009526,0.292282,0.483793
2868,0.177194,0.009534,0.238172,0.424900
2864,0.176596,0.009391,0.237090,0.423078
2860,0.177016,0.009508,0.242127,0.428651
2856,0.177254,0.009508,0.237677,0.424439
2852,0.175449,0.009268,0.236441,0.421158
2848,0.177408,0.009476,0.236219,0.423103
2844,0.175151,0.009449,0.233920,0.418520
2840,0.228698,0.009452,0.249887,0.488037
2836,0.181318,0.009429,0.235708,0.426456
2832,0.175010,0.009419,0.235828,0.420258
2828,0.173994,0.009424,0.239769,0.423187
2824,0.176233,0.009291,0.232846,0.418371
2820,0.175938,0.009383,0.239245,0.424567
2816,0.173482,0.009374,0.233674,0.416530
2812,0.228824,0.009366,0.231245,0.469434
2808,0.173392,0.009098,0.232213,0.414702
2804,0.172481,0.009336,0.231385,0.413201
2800,0.172590,0.009322,0.238293,0.420206
2796,0.172814,0.009005,0.231510,0.413329
2792,0.173969,0.009285,0.229951,0.413205
2788,0.180048,0.009021,0.283498,0.472566
2784,0.174081,0.009193,0.230801,0.414075
2780,0.173990,0.009222,0.245134,0.428346
2776,0.170395,0.009232,0.229204,0.408830
2772,0.171772,0.008994,0.228936,0.409702
2768,0.171986,0.009213,0.227940,0.409138
2764,0.172189,0.008967,0.246955,0.428112
2760,0.172836,0.009175,0.229651,0.411662
2756,0.241922,0.009157,0.225000,0.476079
2752,0.171712,0.008842,0.225928,0.406482
2748,0.169029,0.009143,0.225763,0.403934
2744,0.173137,0.009116,0.281051,0.463304
2740,0.169034,0.008881,0.231283,0.409198
2736,0.165755,0.009108,0.223833,0.398695
2732,0.166397,0.009054,0.222032,0.397483
2728,0.170806,0.009062,0.226676,0.406544
2724,0.181345,0.008794,0.223157,0.413296
2720,0.226546,0.009011,0.223003,0.458560
2716,0.165447,0.009023,0.222591,0.397061
2712,0.168251,0.009018,0.223273,0.400542
2708,0.167428,0.008678,0.225409,0.401515
2704,0.169417,0.008985,0.221701,0.400104
2700,0.169393,0.008944,0.232463,0.410799
2696,0.185860,0.007993,0.240978,0.434831
2692,0.173976,0.008559,0.238096,0.420632
2688,0.177148,0.008888,0.230526,0.416563
2684,0.221603,0.008912,0.220681,0.451196
2680,0.164039,0.008911,0.219468,0.392419
2676,0.181409,0.008900,0.216138,0.406447
2672,0.189912,0.008789,0.223212,0.421912
2668,0.166421,0.008852,0.221572,0.396845
2664,0.163150,0.008868,0.220636,0.392654
2660,0.171726,0.008835,0.217076,0.397636
2656,0.175672,0.008826,0.213992,0.398491
2652,0.216999,0.008813,0.220045,0.445857
2648,0.171281,0.008515,0.215257,0.395053
2644,0.164527,0.008784,0.217379,0.390690
2640,0.162562,0.008759,0.220654,0.391975
2636,0.159923,0.008766,0.214956,0.383645
2632,0.161829,0.008759,0.213471,0.384059
2628,0.164257,0.008727,0.218985,0.391968
2624,0.163389,0.008715,0.215103,0.387207
2620,0.161905,0.008713,0.271157,0.441774
2616,0.161389,0.008680,0.215126,0.385195
2612,0.161159,0.008673,0.216316,0.386147
2608,0.169527,0.008648,0.213186,0.391361
2604,0.169163,0.008604,0.213434,0.391201
2600,0.160758,0.008622,0.216424,0.385804
2596,0.159892,0.008627,0.269936,0.438454
2592,0.159751,0.008610,0.214551,0.382912
2588,0.163697,0.008612,0.210624,0.382933
2584,0.176236,0.008563,0.218703,0.403501
2580,0.161705,0.008571,0.210691,0.380967
2576,0.163216,0.008555,0.211496,0.383267
2572,0.159211,0.008290,0.211584,0.379085
2568,0.164736,0.008507,0.208556,0.381799
2564,0.215368,0.008495,0.210627,0.434490
2560,0.160443,0.008509,0.208569,0.377521
2556,0.158236,0.008328,0.209084,0.375648
2552,0.155771,0.008474,0.210654,0.374898
2548,0.158413,0.008428,0.206209,0.373050
2544,0.154477,0.008426,0.209710,0.372613
2540,0.156397,0.008377,0.210272,0.375045
2536,0.153889,0.008418,0.210594,0.372901
2532,0.153749,0.008410,0.206260,0.368420
2528,0.213029,0.008380,0.204769,0.426178
2524,0.154176,0.008366,0.210852,0.373394
2520,0.177413,0.008365,0.204840,0.390618
1516,0.147504,0.000450,0.132478,0.280432
1512,0.092818,0.004746,0.133027,0.230591
1508,0.090626,0.004940,0.129718,0.225284
1504,0.092705,0.004907,0.129371,0.226983
1500,0.091083,0.004909,0.129226,0.225218
1496,0.092558,0.004887,0.128758,0.226203
1492,0.090207,0.004785,0.128827,0.223818
1488,0.088939,0.004857,0.131975,0.225770
1484,0.092807,0.004768,0.128183,0.225759
1480,0.089378,0.004773,0.127239,0.221389
1476,0.088894,0.004834,0.130102,0.223830
1472,0.089049,0.004715,0.128424,0.222188
1468,0.142880,0.004800,0.127195,0.274875
1464,0.091931,0.004655,0.128638,0.225224
1460,0.091552,0.004773,0.128244,0.224570
1456,0.089103,0.004756,0.128730,0.222589
1452,0.088701,0.004736,0.126841,0.220278
1448,0.089154,0.004631,0.126542,0.220327
1444,0.088127,0.004709,0.127070,0.219907
1440,0.090440,0.004719,0.128479,0.223638
1436,0.088834,0.004671,0.128291,0.221796
1432,0.093103,0.004575,0.125546,0.223225
1428,0.088296,0.004645,0.124540,0.217481
1424,0.087483,0.004647,0.124453,0.216583
1420,0.086676,0.004558,0.124989,0.216223
1416,0.086097,0.004619,0.128340,0.219056
1412,0.089278,0.004614,0.125478,0.219369
1408,0.086035,0.004596,0.124264,0.214896
1404,0.085586,0.004575,0.122314,0.212476
1400,0.089565,0.004558,0.122839,0.216963
1396,0.085072,0.004540,0.174862,0.264474
1392,0.088692,0.004518,0.121528,0.214738
1388,0.085520,0.004533,0.121303,0.211356
1384,0.085988,0.004491,0.122568,0.213046
1380,0.084704,0.004492,0.120102,0.209299
1376,0.084403,0.004409,0.119483,0.208295
1372,0.094100,0.004488,0.116565,0.215153
1368,0.082581,0.004430,0.117769,0.204779
1364,0.084279,0.004431,0.117346,0.206056
1360,0.082932,0.004431,0.114822,0.202185
1356,0.084282,0.004403,0.112871,0.201556
1352,0.082295,0.004316,0.113663,0.200274
1348,0.082419,0.004385,0.116049,0.202852
1344,0.081792,0.004394,0.113581,0.199767
1340,0.082114,0.004357,0.111610,0.198081
1336,0.081262,0.004352,0.111796,0.197411
1332,0.085094,0.004335,0.111580,0.201009
1328,0.083491,0.004167,0.111146,0.198805
1324,0.080543,0.004327,0.110641,0.195511
1320,0.080304,0.004295,0.113716,0.198315
1316,0.079818,0.004277,0.110260,0.194355
1312,0.078694,0.004277,0.110813,0.193783
1308,0.139701,0.004248,0.112850,0.256799
1304,0.079350,0.004242,0.112078,0.195670
1300,0.079875,0.004212,0.109927,0.194014
1296,0.079545,0.004226,0.106703,0.190473
1292,0.078750,0.004214,0.111015,0.193979
1288,0.078914,0.004107,0.107522,0.190543
1284,0.076819,0.004183,0.107533,0.188534
1280,0.081265,0.004081,0.112617,0.197963
1276,0.078704,0.003435,0.104905,0.187044
1272,0.079931,0.004146,0.106892,0.190968
1268,0.079587,0.004017,0.112428,0.196032
1264,0.076952,0.004109,0.105351,0.186412
1260,0.079739,0.004017,0.104556,0.188312
1256,0.076778,0.004091,0.106142,0.187012
1252,0.076195,0.003991,0.104903,0.185090
1248,0.076429,0.004025,0.103070,0.183524
1244,0.075518,0.003977,0.104515,0.184010
1240,0.075582,0.004026,0.103203,0.182811
1236,0.074753,0.004017,0.101900,0.180669
1232,0.073825,0.003928,0.102533,0.180286
1228,0.075975,0.003969,0.101142,0.181086
1224,0.074284,0.003988,0.100489,0.178761
1220,0.131993,0.003957,0.101182,0.237132
1216,0.073721,0.003862,0.100761,0.178344
1212,0.077415,0.003933,0.099920,0.181267
1208,0.073707,0.003911,0.099823,0.177440
1204,0.075133,0.003891,0.099794,0.178817
1200,0.073766,0.003883,0.100104,0.177753
1196,0.072519,0.003869,0.097416,0.173804
1192,0.073247,0.003785,0.096978,0.174010
1188,0.072682,0.003850,0.099254,0.175786
1184,0.072088,0.003731,0.096443,0.172262
1180,0.072952,0.003826,0.096545,0.173322
1176,0.072330,0.003810,0.098354,0.174495
1172,0.071550,0.003787,0.096339,0.171676
1056,0.130095,0.000422,0.089468,0.219984
1052,0.070796,0.003148,0.087689,0.161633
1048,0.072395,0.003365,0.092645,0.168405
1044,0.066352,0.003304,0.087023,0.156678
1040,0.065464,0.003315,0.087358,0.156138
1036,0.064111,0.003323,0.087191,0.154626
1032,0.067039,0.003217,0.085170,0.155426
1028,0.064327,0.003282,0.085080,0.152689
1024,0.065637,0.003161,0.085331,0.154129
1020,0.064189,0.003194,0.083862,0.151245
1016,0.064186,0.003247,0.083051,0.150485
1012,0.064264,0.003156,0.083055,0.150475
1008,0.070119,0.003159,0.083273,0.156551
1004,0.066833,0.003044,0.081317,0.151194
1000,0.063217,0.003106,0.082171,0.148494
996,0.063178,0.003174,0.083571,0.149923
992,0.062293,0.003161,0.080703,0.146157
988,0.062646,0.003056,0.082192,0.147894
984,0.061349,0.003048,0.081845,0.146243
980,0.062008,0.003124,0.080096,0.145229
976,0.062037,0.003062,0.078965,0.144064
972,0.061367,0.003099,0.079027,0.143492
968,0.061902,0.003050,0.127970,0.192922
964,0.061703,0.003063,0.078669,0.143434
960,0.061019,0.003047,0.078776,0.142842
956,0.065329,0.003019,0.079021,0.147368
952,0.060400,0.003016,0.076746,0.140162
948,0.061329,0.002925,0.078578,0.142832
944,0.062887,0.002985,0.076516,0.142388
940,0.059375,0.002978,0.075541,0.137894
936,0.059364,0.002958,0.075300,0.137622
932,0.058563,0.002886,0.075804,0.137253
928,0.058612,0.002921,0.074732,0.136265
924,0.057827,0.002951,0.074509,0.135287
920,0.058598,0.002897,0.073560,0.135055
916,0.058138,0.002890,0.075045,0.136072
912,0.057219,0.002883,0.073616,0.133718
908,0.058363,0.002867,0.073023,0.134253
904,0.057232,0.002854,0.074902,0.134988
900,0.056850,0.002823,0.073835,0.133507
896,0.057342,0.002821,0.071454,0.131617
892,0.056503,0.002760,0.071338,0.130601
888,0.057314,0.002786,0.072804,0.132905
884,0.056306,0.002789,0.070850,0.129945
880,0.055282,0.002774,0.070255,0.128310
876,0.055059,0.002767,0.069854,0.127679
872,0.058153,0.002742,0.070500,0.131394
868,0.059067,0.002695,0.070671,0.132434
864,0.055638,0.002719,0.069154,0.127511
860,0.054769,0.002708,0.069160,0.126638
856,0.055220,0.002687,0.070197,0.128104
852,0.054450,0.002649,0.070752,0.127851
848,0.053863,0.002646,0.069883,0.126392
844,0.076271,0.002535,0.099803,0.178609
840,0.058417,0.002562,0.078023,0.139002
836,0.061894,0.002539,0.070598,0.135032
832,0.062629,0.002541,0.079653,0.144823
700,0.089751,0.000355,0.058951,0.149057
696,0.043638,0.001959,0.057468,0.103065
692,0.044639,0.002141,0.057752,0.104532
688,0.043889,0.002116,0.058869,0.104874
684,0.043750,0.002065,0.057150,0.102965
680,0.043584,0.002100,0.057221,0.102904
676,0.043096,0.002063,0.056916,0.102076
672,0.042869,0.002051,0.055859,0.100779
668,0.042989,0.002016,0.056268,0.101273
664,0.042355,0.002037,0.055223,0.099614
660,0.043943,0.002041,0.054865,0.100849
656,0.043143,0.001943,0.056575,0.101660
652,0.041975,0.002010,0.055502,0.099487
648,0.041598,0.001953,0.055809,0.099359
644,0.041605,0.001954,0.056437,0.099997
640,0.042036,0.001957,0.054330,0.098323
636,0.041357,0.001931,0.054056,0.097344
632,0.040308,0.001899,0.053385,0.095593
628,0.040771,0.001881,0.053280,0.095931
624,0.040486,0.001908,0.052537,0.094931
620,0.039756,0.001894,0.052013,0.093663
616,0.041592,0.001817,0.052061,0.095470
612,0.039979,0.001867,0.051409,0.093255
608,0.039227,0.001845,0.051568,0.092639
604,0.039081,0.001768,0.050261,0.091111
600,0.038833,0.001820,0.050423,0.091075
596,0.040609,0.001782,0.049723,0.092114
592,0.038409,0.001789,0.049631,0.089829
588,0.038262,0.001740,0.048525,0.088527
584,0.038416,0.001750,0.048428,0.088594
580,0.037946,0.001751,0.048075,0.087771
576,0.037772,0.001732,0.050391,0.089895
572,0.037349,0.001668,0.047719,0.086736
568,0.037498,0.001705,0.047105,0.086308
564,0.036946,0.001659,0.046879,0.085484
560,0.036702,0.001667,0.051490,0.089859
556,0.035868,0.001658,0.045988,0.083514
552,0.037456,0.001652,0.045683,0.084790
548,0.035780,0.001653,0.045191,0.082625
544,0.034974,0.001651,0.044886,0.081510
344,0.066350,0.000308,0.030462,0.097121
340,0.021836,0.000795,0.030252,0.052883
336,0.022324,0.000971,0.030060,0.053355
332,0.021651,0.000982,0.029135,0.051768
328,0.021584,0.000942,0.028808,0.051333
324,0.020945,0.000935,0.028175,0.050055
320,0.021707,0.000911,0.028170,0.050788
316,0.020499,0.000921,0.027281,0.048701
312,0.020627,0.000846,0.027139,0.048611
308,0.020338,0.000851,0.027175,0.048365
304,0.019512,0.000862,0.026288,0.046662
300,0.019857,0.000829,0.025910,0.046596
296,0.019447,0.000825,0.025588,0.045860
292,0.019341,0.000807,0.025036,0.045183
288,0.018862,0.000813,0.024677,0.044352
284,0.018429,0.000824,0.024434,0.043687
280,0.019353,0.000733,0.026958,0.047044
276,0.020777,0.000552,0.025438,0.046767
272,0.017799,0.000750,0.023454,0.042003
268,0.017629,0.000753,0.023341,0.041723