iteration,n_candidates,reward_time_ms,total_time_ms
1,1419,17025.411367416382,17026.110410690308
2,1418,1799.5867729187012,1915.4739379882812
3,1417,1793.3440208435059,1908.1315994262695
4,1416,1794.846773147583,1920.0830459594727
5,1415,1777.083396911621,1887.89701461792
6,1414,1791.7516231536865,1913.2542610168457
7,1413,1776.3147354125977,1888.0348205566406
8,1412,1791.9690608978271,1908.6647033691406
9,1411,1776.519536972046,1895.9648609161377
10,1410,1792.9930686950684,1909.8992347717285
11,1409,1757.5831413269043,1876.0719299316406
12,1408,1785.186767578125,1902.5428295135498
13,1407,1774.2159366607666,1884.9866390228271
14,1406,1796.177625656128,1913.4860038757324
15,1405,1766.5841579437256,1877.3682117462158
16,1404,1783.9758396148682,1903.977870941162
17,1403,1775.944709777832,1886.991024017334
18,1402,1777.064323425293,1898.1449604034424
19,1401,1758.6541175842285,1873.781681060791
20,1400,1771.2364196777344,1887.7379894256592
21,1399,1752.7666091918945,1863.1041049957275
22,1398,1769.608974456787,1888.8578414916992
23,1397,1756.2317848205566,1867.987871170044
24,1396,1755.6886672973633,1878.6962032318115
25,1395,1748.4543323516846,1858.33740234375
26,1394,1760.265588760376,1876.512050628662
27,1393,1770.841360092163,1896.50559425354
28,1392,1760.986328125,1877.36177444458
29,1391,1743.3350086212158,1853.3473014831543
30,1390,1760.218858718872,1875.3440380096436
31,1389,1747.2076416015625,1864.0875816345215
32,1388,1775.1567363739014,1890.322208404541
33,1387,1742.6226139068604,1857.8310012817383
34,1386,1757.1887969970703,1871.7114925384521
35,1385,1745.7690238952637,1859.2371940612793
36,1384,1763.8323307037354,1879.7292709350586
37,1383,1736.4492416381836,1846.2257385253906
38,1382,1758.946418762207,1872.8575706481934
39,1381,1743.5202598571777,1853.6570072174072
40,1380,1765.554666519165,1880.3739547729492
41,1379,1755.7518482208252,1865.086555480957
42,1378,1742.1715259552002,1857.3436737060547
43,1377,1741.607427597046,1851.9175052642822
44,1376,1742.0079708099365,1863.0006313323975
45,1375,1742.6180839538574,1856.7016124725342
46,1374,1737.9004955291748,1853.895902633667
47,1373,1740.8976554870605,1854.6533584594727
48,1372,1750.8981227874756,1866.2121295928955
49,1371,1731.1792373657227,1840.6767845153809
50,1370,1736.1769676208496,1851.7563343048096
51,1369,1725.0418663024902,1838.9620780944824
52,1368,1751.2292861938477,1867.973804473877
53,1367,1729.1626930236816,1843.3701992034912
54,1366,1726.517677307129,1841.3476943969727
55,1365,1731.7750453948975,1840.5544757843018
56,1364,1743.0975437164307,1863.1153106689453
57,1363,1726.8869876861572,1835.7090950012207
58,1362,1744.7996139526367,1869.5068359375
59,1361,1725.2764701843262,1833.1985473632812
60,1360,1751.1200904846191,1865.8370971679688
61,1359,1725.3892421722412,1834.3472480773926
62,1358,1748.3115196228027,1867.9780960083008
63,1357,1727.23388671875,1835.4673385620117
64,1356,1721.8255996704102,1836.4667892456055
65,1355,1717.5734043121338,1831.0472965240479
66,1354,1714.8313522338867,1832.737922668457
67,1353,1729.1123867034912,1842.223882675171
68,1352,1753.4263134002686,1868.1747913360596
69,1351,1712.040901184082,1820.0106620788574
70,1350,1729.5253276824951,1843.7814712524414
71,1349,1718.4984683990479,1825.075626373291
72,1348,1717.9477214813232,1836.1034393310547
73,1347,1716.691255569458,1823.3494758605957
74,1346,1724.7915267944336,1840.4135704040527
75,1345,1706.9091796875,1816.8087005615234
76,1344,1712.0380401611328,1825.321912765503
77,1343,1715.6856060028076,1822.413444519043
78,1342,1731.907844543457,1845.8070755004883
79,1341,1703.6850452423096,1811.159372329712
80,1340,1702.711582183838,1820.0039863586426
81,1339,1690.5121803283691,1799.229383468628
82,1338,1700.3731727600098,1814.4261837005615
83,1337,1692.6026344299316,1798.7086772918701
84,1336,1728.8892269134521,1841.7503833770752
85,1335,1708.9626789093018,1819.6642398834229
86,1334,1690.0653839111328,1801.9380569458008
87,1333,1698.6775398254395,1808.600902557373
88,1332,1687.2341632843018,1800.999641418457
89,1331,1689.3978118896484,1796.4684963226318
90,1330,1717.207908630371,1838.998556137085
91,1329,1710.2570533752441,1818.0904388427734
92,1328,1697.8044509887695,1810.2562427520752
93,1327,1681.2756061553955,1787.1332168579102
94,1326,1697.5750923156738,1810.2223873138428
95,1325,1675.1306056976318,1783.67018699646
96,1324,1697.014331817627,1814.1939640045166
97,1323,1677.1912574768066,1787.0917320251465
98,1322,1680.3216934204102,1796.7991828918457
99,1321,1667.907476425171,1776.4110565185547
100,1320,1670.792818069458,1787.1053218841553
101,1319,1680.0589561462402,1785.0887775421143
102,1318,1664.1452312469482,1778.8221836090088
103,1317,1651.8912315368652,1757.5149536132812
104,1316,1671.222448348999,1781.5077304840088
105,1315,1665.1957035064697,1768.8584327697754
106,1314,1665.1253700256348,1777.350902557373
107,1313,1666.2476062774658,1771.9769477844238
108,1312,1663.0985736846924,1774.488925933838
109,1311,1671.9763278961182,1777.6854038238525
110,1310,1658.7860584259033,1769.5748805999756
111,1309,1656.4347743988037,1760.6043815612793
112,1308,1648.5404968261719,1759.5124244689941
113,1307,1643.4173583984375,1747.5075721740723
114,1306,1670.7587242126465,1782.5677394866943
115,1305,1652.3103713989258,1756.2429904937744
116,1304,1645.9143161773682,1756.3824653625488
117,1303,1645.8828449249268,1748.7404346466064
118,1302,1634.9740028381348,1747.5314140319824
119,1301,1637.484073638916,1743.640661239624
120,1300,1640.2344703674316,1751.875877380371
121,1299,1644.197702407837,1752.1436214447021
122,1298,1639.2929553985596,1752.8719902038574
123,1297,1634.9773406982422,1740.851640701294
124,1296,1633.3281993865967,1742.4871921539307
125,1295,1631.6325664520264,1736.1013889312744
126,1294,1630.5387020111084,1738.9140129089355
127,1293,1633.2740783691406,1736.9756698608398
128,1292,1635.6861591339111,1746.2351322174072
129,1291,1625.7288455963135,1736.0341548919678
130,1290,1633.711338043213,1750.5173683166504
131,1289,1634.8767280578613,1737.4670505523682
132,1288,1641.8116092681885,1750.4703998565674
133,1287,1627.2752285003662,1733.0660820007324
134,1286,1635.0224018096924,1754.1041374206543
135,1285,1649.7490406036377,1754.321575164795
136,1284,1625.281810760498,1739.748477935791
137,1283,1625.0500679016113,1727.3542881011963
138,1282,1634.7410678863525,1743.4701919555664
139,1281,1618.3078289031982,1724.6747016906738
140,1280,1625.5247592926025,1736.5822792053223
141,1279,1618.1883811950684,1728.273630142212
142,1278,1633.3837509155273,1742.7525520324707
143,1277,1617.9180145263672,1722.6123809814453
144,1276,1617.6502704620361,1725.055456161499
145,1275,1613.8131618499756,1719.2189693450928
146,1274,1617.222547531128,1724.9367237091064
147,1273,1602.0169258117676,1713.8221263885498
148,1272,1609.541893005371,1717.6952362060547
149,1271,1611.1454963684082,1714.1072750091553
150,1270,1614.2964363098145,1728.3365726470947
151,1269,1599.2536544799805,1706.9933414459229
152,1268,1597.055435180664,1704.275131225586
153,1267,1591.0987854003906,1693.2928562164307
154,1266,1592.9350852966309,1698.779582977295
155,1265,1588.3443355560303,1695.7812309265137
156,1264,1612.7119064331055,1724.0326404571533
157,1263,1603.935718536377,1711.7199897766113
158,1262,1589.7026062011719,1696.6524124145508
159,1261,1586.6825580596924,1691.6329860687256
160,1260,1590.9359455108643,1705.209732055664
161,1259,1581.346035003662,1682.112693786621
162,1258,1592.181921005249,1697.8936195373535
163,1257,1594.696283340454,1695.3814029693604
164,1256,1585.4780673980713,1717.621088027954
165,1255,1578.8929462432861,1678.9979934692383
166,1254,1590.186595916748,1695.0469017028809
167,1253,1574.3224620819092,1675.1198768615723
168,1252,1578.8204669952393,1683.607578277588
169,1251,1577.4226188659668,1679.6107292175293
170,1250,1585.205078125,1691.0383701324463
171,1249,1575.9904384613037,1677.9401302337646
172,1248,1575.3567218780518,1680.4122924804688
173,1247,1575.5393505096436,1682.3554039001465
174,1246,1586.733341217041,1692.4219131469727
175,1245,1570.4874992370605,1671.0269451141357
176,1244,1561.772346496582,1666.562557220459
177,1243,1578.4366130828857,1678.8668632507324
178,1242,1575.0975608825684,1679.7637939453125
179,1241,1567.0287609100342,1667.2389507293701
180,1240,1573.0400085449219,1678.5366535186768
181,1239,1554.255485534668,1654.576063156128
182,1238,1567.3348903656006,1672.1277236938477
183,1237,1562.6201629638672,1667.1862602233887
184,1236,1564.4993782043457,1670.1934337615967
185,1235,1555.7944774627686,1657.116174697876
186,1234,1551.3432025909424,1664.896011352539
187,1233,1556.0758113861084,1657.6457023620605
188,1232,1556.015968322754,1663.102388381958
189,1231,1555.544137954712,1656.9218635559082
190,1230,1551.0129928588867,1659.0495109558105
191,1229,1553.6961555480957,1654.1330814361572
192,1228,1558.711290359497,1662.778615951538
193,1227,1560.3950023651123,1660.8052253723145
194,1226,1554.9530982971191,1657.940149307251
195,1225,1542.8252220153809,1641.6761875152588
196,1224,1537.4305248260498,1639.9576663970947
197,1223,1545.6492900848389,1647.4120616912842
198,1222,1538.8648509979248,1645.5917358398438
199,1221,1542.5043106079102,1641.2560939788818
200,1218,1532.0336818695068,1639.538049697876
201,1217,1532.9878330230713,1631.3040256500244
202,1216,1533.5097312927246,1636.1305713653564
203,1215,1534.013271331787,1635.9961032867432
204,1214,1538.3954048156738,1640.1758193969727
205,1213,1542.9420471191406,1656.4760208129883
206,1212,1547.0147132873535,1649.4486331939697
207,1211,1513.390302658081,1613.4815216064453
208,1210,1524.4176387786865,1626.5385150909424
209,1209,1522.723913192749,1621.8008995056152
210,1208,1524.5237350463867,1626.0337829589844
211,1207,1525.8874893188477,1629.3933391571045
212,1206,1524.2931842803955,1627.6743412017822
213,1205,1522.8466987609863,1620.3441619873047
214,1204,1541.3143634796143,1644.0722942352295
215,1203,1527.869701385498,1626.002550125122
216,1202,1536.7999076843262,1639.1792297363281
217,1201,1511.2824440002441,1608.4234714508057
218,1200,1515.350103378296,1617.3782348632812
219,1199,1506.9794654846191,1603.7354469299316
220,1198,1505.2790641784668,1612.656831741333
221,1197,1512.7475261688232,1610.0897789001465
222,1196,1530.632495880127,1631.575345993042
223,1195,1511.2824440002441,1608.163595199585
224,1194,1506.4952373504639,1612.7517223358154
225,1193,1534.2648029327393,1640.7983303070068
226,1192,1512.2921466827393,1623.9886283874512
227,1191,1513.5605335235596,1610.1951599121094
228,1190,1504.6093463897705,1604.687213897705
229,1189,1496.053695678711,1600.0189781188965
230,1188,1498.887538909912,1602.4231910705566
231,1187,1504.6143531799316,1605.1898002624512
232,1186,1515.3045654296875,1615.5710220336914
233,1185,1504.9047470092773,1607.994794845581
234,1184,1504.401683807373,1605.400800704956
235,1183,1500.1184940338135,1596.9223976135254
236,1182,1508.3434581756592,1609.1175079345703
237,1181,1495.4147338867188,1592.6752090454102
238,1180,1498.6188411712646,1602.2624969482422
239,1179,1495.3219890594482,1592.144250869751
240,1178,1500.1020431518555,1606.069564819336
241,1177,1487.562656402588,1583.430290222168
242,1176,1490.891933441162,1595.4205989837646
243,1175,1511.55686378479,1612.81418800354
244,1174,1486.1326217651367,1586.627721786499
245,1173,1480.543613433838,1585.9355926513672
246,1172,1473.381519317627,1573.758602142334
247,1171,1467.3404693603516,1562.882661819458
248,1170,1477.095365524292,1581.7348957061768
249,1169,1480.302333831787,1576.0233402252197
250,1168,1473.388910293579,1573.2872486114502
251,1167,1488.34228515625,1590.4676914215088
252,1166,1468.6830043792725,1571.8810558319092
253,1165,1483.8685989379883,1580.1522731781006
254,1164,1474.496603012085,1574.2497444152832
255,1163,1469.8033332824707,1564.7594928741455
256,1159,1463.4912014007568,1568.6211585998535
257,1158,1467.2210216522217,1563.1442070007324
258,1157,1464.4548892974854,1566.8492317199707
259,1156,1463.3278846740723,1562.7124309539795
260,1155,1448.3733177185059,1546.511173248291
261,1154,1456.9816589355469,1552.0281791687012
262,1153,1442.7306652069092,1542.1650409698486
263,1148,1455.5208683013916,1549.9067306518555
264,1147,1449.7132301330566,1547.4109649658203
265,1146,1453.8986682891846,1548.3570098876953
266,1145,1435.8489513397217,1533.4749221801758
267,1142,1454.7398090362549,1551.914930343628
268,1141,1434.772253036499,1531.935453414917
269,1135,1426.6986846923828,1520.554780960083
270,1134,1446.406602859497,1543.3850288391113
271,1133,1436.6240501403809,1530.761957168579
272,1132,1433.617115020752,1529.2675495147705
273,1131,1419.457197189331,1518.3131694793701
274,1130,1434.3364238739014,1531.6367149353027
275,1129,1433.0976009368896,1526.3278484344482
276,1128,1423.2463836669922,1519.646167755127
277,1127,1425.2111911773682,1518.5723304748535
278,1126,1415.6291484832764,1516.1445140838623
279,1125,1425.6641864776611,1518.6734199523926
280,1124,1415.2610301971436,1516.7255401611328
281,1123,1453.6716938018799,1548.912763595581
282,1122,1407.214879989624,1509.5412731170654
283,1121,1414.9603843688965,1507.523775100708
284,1120,1416.7869091033936,1517.6315307617188
285,1119,1413.0871295928955,1505.4545402526855
286,1118,1411.621332168579,1507.918119430542
287,1117,1408.6523056030273,1501.2354850769043
288,1116,1409.1358184814453,1504.7478675842285
289,1115,1427.6137351989746,1520.4951763153076
290,1114,1402.4288654327393,1498.779296875
291,1113,1407.1376323699951,1504.5371055603027
292,1112,1402.2974967956543,1498.2540607452393
293,1111,1413.8786792755127,1506.7923069000244
294,1110,1396.9037532806396,1492.2230243682861
295,1109,1399.0321159362793,1494.6212768554688
296,1108,1411.8123054504395,1511.359691619873
297,1107,1397.5658416748047,1489.870309829712
298,1106,1407.541036605835,1502.4604797363281
299,1105,1408.785104751587,1508.406162261963
300,1104,1410.2320671081543,1506.2878131866455
301,1103,1395.543098449707,1494.5027828216553
302,1102,1396.8000411987305,1496.6979026794434
303,1101,1390.3453350067139,1481.6923141479492
304,1100,1387.439250946045,1489.7541999816895
305,1099,1393.7585353851318,1490.7069206237793
306,1096,1380.0992965698242,1475.9087562561035
307,1095,1384.7706317901611,1477.5242805480957
308,1094,1379.1682720184326,1480.6900024414062
309,1093,1381.204605102539,1473.2446670532227
310,1092,1369.7645664215088,1464.8003578186035
311,1091,1380.803108215332,1475.2874374389648
312,1090,1367.5408363342285,1467.8056240081787
313,1089,1383.840799331665,1481.3108444213867
314,1088,1374.349594116211,1473.106861114502
315,1087,1371.1764812469482,1465.7506942749023
316,1086,1371.6113567352295,1472.961187362671
317,1085,1375.321865081787,1466.6922092437744
318,1084,1365.9210205078125,1460.4885578155518
319,1083,1375.0481605529785,1465.8901691436768
320,1082,1362.428903579712,1460.0436687469482
321,1079,1395.9734439849854,1486.901044845581
322,1078,1360.525131225586,1454.5960426330566
323,1077,1392.0485973358154,1486.966848373413
324,1076,1398.798942565918,1492.8371906280518
325,1075,1370.0110912322998,1460.540533065796
326,1074,1356.3730716705322,1450.5982398986816
327,1073,1354.2873859405518,1449.786901473999
328,1072,1344.46382522583,1443.6845779418945
329,1071,1363.6043071746826,1459.1350555419922
330,1070,1356.5361499786377,1454.7245502471924
331,1068,1370.9282875061035,1478.8398742675781
332,1067,1345.1697826385498,1446.721076965332
333,1066,1351.6907691955566,1441.7550563812256
334,1065,1344.6846008300781,1438.5218620300293
335,1064,1346.0884094238281,1436.9609355926514
336,1063,1341.1579132080078,1433.558464050293
337,1062,1339.341402053833,1428.0526638031006
338,1061,1345.8054065704346,1439.934492111206
339,1060,1336.385726928711,1433.4826469421387
340,1059,1333.4603309631348,1427.403211593628
341,1053,1343.7612056732178,1434.5526695251465
342,1052,1321.5925693511963,1413.2030010223389
343,1051,1328.4578323364258,1416.3429737091064
344,1049,1320.5540180206299,1415.076732635498
345,1048,1326.1454105377197,1413.952112197876
346,1047,1311.4397525787354,1403.6002159118652
347,1046,1326.019525527954,1414.4675731658936
1,810,15452.505350112915,15453.037738800049
2,809,605.4749488830566,658.074140548706
3,808,591.7613506317139,639.8952007293701
4,807,613.560676574707,664.3474102020264
5,806,605.4277420043945,653.6023616790771
6,805,610.8400821685791,661.8306636810303
7,804,618.0939674377441,666.6805744171143
8,803,578.3023834228516,638.0224227905273
9,802,590.705394744873,638.3848190307617
10,801,615.9756183624268,668.1818962097168
11,800,617.9859638214111,669.0318584442139
12,799,609.6279621124268,660.5832576751709
13,798,591.2361145019531,644.9544429779053
14,797,599.4949340820312,650.7816314697266
15,796,638.8778686523438,687.469482421875
16,795,602.7116775512695,653.3558368682861
17,794,598.9577770233154,647.5400924682617
18,793,611.0243797302246,663.3853912353516
19,792,583.7478637695312,638.7462615966797
20,791,593.8160419464111,645.8401679992676
21,790,582.1058750152588,629.6353340148926
22,789,606.0457229614258,656.2845706939697
23,788,620.2390193939209,668.3349609375
24,787,607.7563762664795,658.7045192718506
25,786,583.9052200317383,638.8192176818848
26,785,571.5670585632324,623.1429576873779
27,784,591.4821624755859,640.3892040252686
28,783,591.7232036590576,642.0271396636963
29,782,611.0396385192871,658.9787006378174
30,781,595.7529544830322,645.8661556243896
31,780,601.9487380981445,650.458812713623
32,779,554.8183917999268,604.8696041107178
33,778,591.3922786712646,638.5786533355713
34,777,599.7920036315918,649.2292881011963
35,776,615.2670383453369,663.5870933532715
36,775,582.017183303833,633.8274478912354
37,774,574.9750137329102,624.7377395629883
38,773,593.2927131652832,645.6484794616699
39,772,579.8871517181396,630.0129890441895
40,771,582.3941230773926,638.0224227905273
41,770,592.1163558959961,640.6517028808594
42,769,584.7494602203369,636.2292766571045
43,768,587.1233940124512,635.4408264160156
44,767,583.6830139160156,633.5973739624023
45,766,579.2498588562012,627.0115375518799
46,765,575.2568244934082,624.861478805542
47,764,590.7890796661377,638.2975578308105
48,763,577.023983001709,627.9599666595459
49,762,579.8344612121582,629.5971870422363
50,761,550.4543781280518,600.0850200653076
51,760,567.3024654388428,615.0872707366943
52,759,558.849573135376,610.0094318389893
53,758,596.2677001953125,645.83420753479
54,757,570.2085494995117,622.0235824584961
55,756,560.443639755249,608.1662178039551
56,755,575.9320259094238,624.8664855957031
57,754,564.4989013671875,611.515998840332
58,753,552.4506568908691,603.2476425170898
59,752,565.7339096069336,618.4186935424805
60,751,599.6425151824951,652.7009010314941
61,750,578.9427757263184,627.1910667419434
62,749,556.2710762023926,606.184720993042
63,748,549.8256683349609,596.9865322113037
64,747,579.0114402770996,634.3886852264404
65,746,553.6818504333496,601.1049747467041
66,745,547.288179397583,596.2226390838623
67,744,561.8414878845215,610.2848052978516
68,743,557.7149391174316,608.5915565490723
69,742,544.3024635314941,593.285083770752
70,741,564.8012161254883,617.2959804534912
71,740,551.0845184326172,598.1974601745605
72,739,562.1066093444824,610.2690696716309
73,738,557.2202205657959,609.6553802490234
74,737,557.6064586639404,607.5115203857422
75,736,551.7816543579102,600.0292301177979
76,735,559.9656105041504,610.0845336914062
77,734,562.3958110809326,610.2957725524902
78,733,544.032096862793,596.0416793823242
79,732,549.9541759490967,597.3529815673828
80,731,545.5965995788574,595.7322120666504
81,730,534.01780128479,581.3798904418945
82,729,531.4531326293945,581.0060501098633
83,728,533.2098007202148,583.2452774047852
84,727,571.556568145752,620.8233833312988
85,726,549.0596294403076,598.2096195220947
86,725,540.1639938354492,589.7796154022217
87,724,559.0696334838867,606.395959854126
88,723,569.6365833282471,619.2333698272705
89,722,558.643102645874,605.9465408325195
90,721,533.8013172149658,582.8807353973389
91,720,557.6756000518799,605.3285598754883
92,719,523.0505466461182,570.2304840087891
93,718,536.6108417510986,584.3701362609863
94,717,542.9232120513916,591.9411182403564
95,716,532.1292877197266,579.5226097106934
96,715,539.4203662872314,588.0460739135742
97,714,537.4255180358887,586.9464874267578
98,713,550.7528781890869,599.4255542755127
99,712,552.6390075683594,603.2106876373291
100,711,559.3264102935791,606.3222885131836
101,710,551.9094467163086,601.3410091400146
102,709,545.0336933135986,600.9809970855713
103,708,556.9179058074951,602.0762920379639
104,707,548.4476089477539,595.0853824615479
105,706,545.9108352661133,591.4230346679688
106,705,539.6575927734375,587.6882076263428
107,704,518.6574459075928,567.8145885467529
108,703,529.2572975158691,580.4102420806885
109,702,549.9796867370605,596.1923599243164
110,701,550.743579864502,599.3268489837646
111,700,548.4192371368408,594.681978225708
112,699,548.4192371368408,596.9526767730713
113,698,535.0017547607422,580.0318717956543
114,697,528.7442207336426,576.4057636260986
115,696,540.7648086547852,587.5210762023926
116,695,519.9666023254395,567.7943229675293
117,694,524.5537757873535,571.0296630859375
118,693,523.2276916503906,571.9609260559082
119,692,520.5092430114746,566.8065547943115
120,691,528.6657810211182,580.6879997253418
121,690,523.6170291900635,568.629264831543
122,689,508.56709480285645,561.8362426757812
123,688,544.0001487731934,590.2566909790039
124,687,498.73805046081543,546.6609001159668
125,686,517.3065662384033,561.8195533752441
126,685,527.4133682250977,579.2062282562256
127,684,530.0397872924805,576.1187076568604
128,683,535.3326797485352,582.6504230499268
129,682,521.5640068054199,565.3483867645264
130,681,519.9017524719238,567.2702789306641
131,680,531.5139293670654,577.0494937896729
132,679,528.7172794342041,573.643684387207
133,678,520.8604335784912,565.2680397033691
134,677,522.7422714233398,569.9625015258789
135,676,503.9076805114746,554.8317432403564
136,675,511.15894317626953,555.6366443634033
137,674,515.9564018249512,561.8336200714111
138,673,514.5473480224609,560.7478618621826
139,672,507.6286792755127,552.4168014526367
140,671,518.9073085784912,565.1936531066895
141,670,517.1334743499756,560.776948928833
142,669,514.1010284423828,560.0712299346924
143,668,502.40588188171387,547.6677417755127
144,667,511.1982822418213,555.3603172302246
145,666,472.34368324279785,516.8430805206299
146,665,512.580156326294,556.9107532501221
147,664,523.0836868286133,566.176176071167
148,663,505.1126480102539,550.8427619934082
149,662,510.09225845336914,553.203821182251
150,661,491.09697341918945,534.8308086395264
151,660,498.6152648925781,541.6028499603271
152,659,492.65050888061523,538.7163162231445
153,658,509.305477142334,554.1231632232666
154,657,522.9361057281494,568.7611103057861
155,656,512.8724575042725,557.908296585083
156,655,483.82043838500977,529.4094085693359
157,654,501.7268657684326,545.8087921142578
158,653,501.94501876831055,547.142505645752
159,652,493.3607578277588,537.6124382019043
160,651,505.8784484863281,550.8158206939697
161,650,491.96362495422363,535.7856750488281
162,649,473.8335609436035,518.4340476989746
163,648,500.5221366882324,543.8315868377686
164,647,500.78749656677246,545.7391738891602
165,646,494.5056438446045,538.5003089904785
166,645,488.72852325439453,531.6746234893799
167,644,496.11639976501465,540.0025844573975
168,643,485.98527908325195,530.6203365325928
169,642,497.85518646240234,540.757417678833
170,641,515.6993865966797,558.610200881958
171,640,479.6779155731201,521.9075679779053
172,639,493.746280670166,538.3515357971191
173,638,503.7343502044678,547.1289157867432
174,637,481.1816215515137,525.8402824401855
175,636,494.7237968444824,538.0113124847412
176,635,480.9455871582031,525.5167484283447
177,634,480.1168441772461,523.5340595245361
178,633,519.1950798034668,563.4348392486572
179,632,492.2645092010498,535.9280109405518
180,631,491.2879467010498,536.1320972442627
181,630,490.75889587402344,534.0442657470703
182,629,481.1568260192871,525.1858234405518
183,628,470.39127349853516,514.1310691833496
184,627,503.63707542419434,548.4967231750488
185,626,479.917049407959,522.9718685150146
186,625,476.4218330383301,520.5540657043457
187,624,478.08313369750977,521.5203762054443
188,623,495.5615997314453,537.5921726226807
189,622,470.0927734375,512.8302574157715
1,378,14996.989488601685,14997.459411621094
2,374,83.17112922668457,93.5063362121582
3,370,77.77833938598633,87.65125274658203
4,366,76.04455947875977,86.20309829711914
5,362,77.02398300170898,86.33589744567871
6,358,76.00760459899902,85.77966690063477
7,354,74.5539665222168,83.83059501647949
8,350,73.88973236083984,83.70804786682129
9,346,73.22359085083008,82.30113983154297
10,342,72.1580982208252,81.56538009643555
11,338,71.73013687133789,80.72423934936523
12,334,71.73514366149902,81.27570152282715
13,330,76.38096809387207,85.18147468566895
14,326,72.2966194152832,81.64286613464355
15,322,69.03266906738281,77.26621627807617
16,318,68.47906112670898,77.63314247131348
17,314,66.89333915710449,75.07658004760742
18,310,65.59157371520996,74.45192337036133
19,306,65.59896469116211,73.99654388427734
20,302,64.00203704833984,72.75772094726562
21,298,64.01538848876953,72.1900463104248
22,294,62.422990798950195,70.94264030456543
23,290,62.43419647216797,69.91124153137207
24,286,60.10794639587402,68.32361221313477
25,282,61.30385398864746,68.83478164672852
26,278,58.69913101196289,66.6966438293457
27,274,59.05485153198242,66.50185585021973
28,270,58.31170082092285,66.22052192687988
29,267,57.37495422363281,64.4841194152832
30,264,56.04910850524902,63.782691955566406
31,260,56.28013610839844,63.452959060668945
32,256,54.52084541320801,62.12186813354492
33,252,54.137229919433594,61.141014099121094
34,248,52.898406982421875,60.38641929626465
35,244,52.504539489746094,59.08679962158203
36,241,51.58591270446777,58.7313175201416
37,238,51.78332328796387,58.15410614013672
38,234,52.291154861450195,59.30638313293457
39,230,49.602508544921875,55.79185485839844
40,226,48.041343688964844,55.483102798461914
41,222,47.742366790771484,53.8172721862793
42,219,47.141075134277344,54.1081428527832
43,216,46.56028747558594,52.407264709472656
44,213,46.344757080078125,53.40099334716797
45,209,46.06056213378906,51.76854133605957
46,206,44.32392120361328,50.521135330200195
47,203,44.80242729187012,50.64845085144043
48,199,43.3497428894043,49.48830604553223
49,195,42.35672950744629,47.705888748168945
50,191,41.402578353881836,47.252655029296875
51,187,40.67802429199219,45.84813117980957
52,185,40.210723876953125,45.93324661254883
53,183,39.60061073303223,44.55733299255371
54,180,39.14904594421387,44.718265533447266
55,177,38.61522674560547,43.9305305480957
56,174,37.470102310180664,43.03574562072754
57,170,37.31226921081543,42.57082939147949
58,166,36.390066146850586,41.99337959289551
59,162,35.63380241394043,40.25983810424805
60,160,34.25955772399902,39.35408592224121
61,158,35.093069076538086,39.693593978881836
62,154,33.40721130371094,38.35582733154297
63,150,32.685041427612305,36.99755668640137
64,148,32.410621643066406,37.13703155517578
65,146,31.925201416015625,36.13591194152832
66,145,31.247615814208984,35.83574295043945
67,144,31.564712524414062,35.84408760070801
68,141,30.834197998046875,35.680294036865234
69,137,29.844045639038086,33.90645980834961
70,136,29.326200485229492,33.725738525390625
71,134,29.689788818359375,33.74528884887695
72,130,28.100013732910156,32.43136405944824
73,129,29.736042022705078,33.74147415161133
74,128,27.948379516601562,32.43398666381836
75,126,28.047561645507812,32.22918510437012
76,124,31.03923797607422,35.14552116394043
77,121,26.92413330078125,30.766725540161133
78,118,26.14879608154297,30.409812927246094
79,115,26.95178985595703,30.675172805786133
80,113,25.687456130981445,29.5712947845459
81,111,24.712562561035156,28.34153175354004
82,108,23.104429244995117,27.099132537841797
83,106,24.158954620361328,28.013229370117188
84,103,22.774219512939453,26.607036590576172
85,100,25.332212448120117,28.99479866027832
86,97,21.851301193237305,25.183677673339844
87,94,20.903587341308594,24.031639099121094
88,92,20.708560943603516,23.90742301940918
89,89,20.172119140625,23.46062660217285
90,87,19.099712371826172,22.179841995239258
91,85,18.85676383972168,21.764039993286133
92,82,18.57137680053711,21.452903747558594
93,81,18.384456634521484,21.301746368408203
94,80,10.523319244384766,13.35287094116211
95,78,18.61882209777832,19.04296875
96,75,4.89497184753418,5.262136459350586
1,263,14833.54377746582,14833.95767211914
2,259,36.16046905517578,41.500091552734375
3,255,36.393165588378906,41.129112243652344
4,251,34.1341495513916,39.519548416137695
5,247,34.49702262878418,39.020538330078125
6,243,32.95588493347168,37.77289390563965
7,239,34.1188907623291,38.41090202331543
8,235,32.25445747375488,37.125349044799805
9,231,32.23609924316406,36.43298149108887
10,227,31.105518341064453,35.643577575683594
11,223,30.941009521484375,35.58921813964844
12,219,31.27741813659668,35.92181205749512
13,215,31.334877014160156,35.776615142822266
14,211,32.801151275634766,37.11724281311035
15,207,28.664350509643555,32.54961967468262
16,203,29.224395751953125,34.75642204284668
17,199,27.9233455657959,32.109975814819336
18,195,26.57294273376465,31.200647354125977
19,191,26.859521865844727,31.22425079345703
20,187,26.442766189575195,30.67779541015625
21,183,26.737689971923828,30.715227127075195
22,179,24.961233139038086,29.397249221801758
23,175,25.07805824279785,29.06036376953125
24,172,24.662017822265625,28.774499893188477
25,169,25.176048278808594,30.06768226623535
26,166,22.95398712158203,26.537418365478516
27,163,24.276018142700195,27.4202823638916
28,159,29.004573822021484,32.55295753479004
29,155,23.36406707763672,26.613950729370117
30,151,20.776033401489258,24.214506149291992
31,148,21.187543869018555,24.15156364440918
32,145,20.208120346069336,23.446083068847656
33,142,20.784378051757812,23.819446563720703
34,139,21.217823028564453,24.791479110717773
35,135,23.506641387939453,27.224302291870117
36,132,19.747495651245117,22.785186767578125
37,130,18.69058609008789,21.26002311706543
38,127,17.784833908081055,20.842313766479492
39,124,16.826152801513672,19.75846290588379
40,120,16.35289192199707,19.165992736816406
41,116,9.331226348876953,12.263298034667969
42,113,16.222000122070312,16.541004180908203
43,111,3.611326217651367,3.9319992065429688
44,108,3.787994384765625,4.12750244140625
45,107,4.075765609741211,4.394769668579102
46,103,3.8619041442871094,4.168272018432617
47,99,3.4332275390625,3.760099411010742
48,96,3.779888153076172,4.158258438110352
49,94,3.756999969482422,4.163265228271484
50,93,4.055261611938477,4.500150680541992
51,91,5.158185958862305,5.6247711181640625
52,87,4.166364669799805,4.656791687011719
53,84,4.09388542175293,4.546642303466797
54,82,3.487110137939453,3.9031505584716797
55,78,3.416776657104492,3.8115978240966797
56,74,3.298044204711914,3.650665283203125
57,73,2.7527809143066406,3.089427947998047
58,71,2.9854774475097656,3.2987594604492188
59,69,2.6597976684570312,2.978801727294922
60,67,2.3424625396728516,2.6199817657470703
1,174,15886.99460029602,15887.359380722046
2,170,15.970230102539062,18.729209899902344
3,166,13.041257858276367,15.665531158447266
4,162,14.532089233398438,14.818668365478516
5,158,4.2591094970703125,4.628896713256836
6,154,3.640413284301758,3.9262771606445312
7,150,3.505229949951172,3.7610530853271484
8,146,3.962993621826172,4.245996475219727
9,142,3.1256675720214844,3.4096240997314453
10,138,2.8955936431884766,3.1366348266601562
11,134,3.548145294189453,3.859281539916992
12,130,3.3118724822998047,3.5772323608398438
13,126,3.0753612518310547,3.3249855041503906
14,122,2.629995346069336,2.8526782989501953
15,118,2.946615219116211,3.2122135162353516
16,114,2.265453338623047,2.495288848876953
17,111,2.616405487060547,2.8333663940429688
18,108,2.708911895751953,2.9098987579345703
19,104,2.4466514587402344,2.669095993041992
20,100,2.685070037841797,2.918720245361328
21,97,2.165079116821289,2.425670623779297
22,94,2.131938934326172,2.3491382598876953
23,91,2.2704601287841797,2.458333969116211
24,87,1.9524097442626953,2.1257400512695312
25,84,1.8742084503173828,2.03704833984375
26,81,1.7898082733154297,1.9540786743164062
27,77,1.8341541290283203,2.008199691772461
28,75,1.678466796875,1.8417835235595703
29,72,1.6429424285888672,1.79290771484375
30,71,1.8224716186523438,2.0699501037597656
31,67,1.9314289093017578,2.12860107421875
32,63,1.4011859893798828,1.5950202941894531
33,60,1.6031265258789062,1.7549991607666016
34,59,1.2750625610351562,1.4123916625976562
35,57,1.2929439544677734,1.424551010131836
36,54,1.1348724365234375,1.2674331665039062
37,50,1.0657310485839844,1.1899471282958984
38,46,0.9491443634033203,1.070261001586914
39,44,1.5113353729248047,1.6317367553710938
40,42,0.9615421295166016,1.0788440704345703
1,592,15602.957487106323,15603.48391532898
2,591,255.34439086914062,280.86018562316895
3,590,277.3902416229248,303.26271057128906
4,589,255.79047203063965,282.7298641204834
5,588,256.92272186279297,282.6344966888428
6,587,250.60081481933594,277.5073051452637
7,586,259.4590187072754,285.6130599975586
8,585,258.84509086608887,284.60168838500977
9,584,267.6501274108887,293.1852340698242
10,583,256.0906410217285,282.79972076416016
11,582,256.0734748840332,282.0296287536621
12,581,260.012149810791,287.4722480773926
13,580,256.5155029296875,283.33449363708496
14,579,257.7934265136719,284.35325622558594
15,578,255.27119636535645,281.2056541442871
16,577,253.77440452575684,280.53998947143555
17,576,255.82122802734375,281.39209747314453
18,575,254.40716743469238,280.8496952056885
19,574,248.65174293518066,274.3082046508789
20,573,249.23372268676758,275.6068706512451
21,572,265.9177780151367,291.05067253112793
22,571,254.8360824584961,279.3886661529541
23,570,255.25355339050293,279.386043548584
24,569,250.98371505737305,282.5906276702881
25,568,258.56995582580566,283.0085754394531
26,567,253.91054153442383,279.2339324951172
27,566,254.81748580932617,279.158353805542
28,565,251.5547275543213,276.60107612609863
29,564,257.80367851257324,282.6194763183594
30,563,248.2125759124756,273.8170623779297
31,562,255.39445877075195,280.5745601654053
32,561,247.7242946624756,272.45211601257324
33,560,249.12285804748535,273.15425872802734
34,559,243.98374557495117,268.51511001586914
35,558,247.7397918701172,276.1538028717041
36,557,252.17938423156738,276.6885757446289
37,556,248.5640048980713,273.5874652862549
38,555,244.04358863830566,268.2504653930664
39,554,245.70155143737793,269.6981430053711
40,553,244.11273002624512,268.5201168060303
41,552,248.30174446105957,271.7585563659668
42,551,241.60075187683105,272.4432945251465
43,550,253.9043426513672,278.52940559387207
44,549,244.77815628051758,269.8836326599121
45,548,246.25253677368164,270.89571952819824
46,547,242.19131469726562,267.5964832305908
47,546,242.32172966003418,267.195463180542
48,545,239.84360694885254,265.0749683380127
49,544,237.85972595214844,262.12000846862793
50,543,229.24113273620605,255.52725791931152
51,542,242.98453330993652,267.35472679138184
52,541,237.1201515197754,262.4082565307617
53,540,247.26247787475586,270.52950859069824
54,539,236.27758026123047,260.8668804168701
55,538,242.4914836883545,265.71178436279297
56,537,239.00270462036133,262.6819610595703
57,536,241.9731616973877,265.9587860107422
58,535,240.02385139465332,264.68658447265625
59,534,237.5791072845459,261.28673553466797
60,533,232.2232723236084,257.06028938293457
61,532,235.98361015319824,259.5517635345459
62,531,234.32016372680664,258.5031986236572
63,530,242.33555793762207,265.14434814453125
64,529,233.97135734558105,257.63940811157227
65,528,235.00967025756836,258.38732719421387
66,527,241.46509170532227,266.6757106781006
67,526,239.66431617736816,262.1736526489258
68,525,231.36162757873535,263.81540298461914
69,524,241.94669723510742,264.7395133972168
70,523,233.1860065460205,257.47084617614746
71,522,236.05680465698242,258.9287757873535
72,521,235.68058013916016,260.8330249786377
73,520,228.6057472229004,253.0536651611328
74,519,236.6201877593994,260.3483200073242
75,518,234.5592975616455,258.0137252807617
76,517,228.39045524597168,253.2644271850586
77,516,230.54027557373047,253.61251831054688
78,515,223.8597869873047,247.9994297027588
79,514,226.60326957702637,249.74536895751953
80,513,224.84326362609863,248.91328811645508
81,512,225.53014755249023,248.05378913879395
82,511,226.29785537719727,249.22943115234375
83,510,226.7770767211914,248.57664108276367
84,509,227.19764709472656,250.29659271240234
85,508,227.04052925109863,249.006986618042
86,507,221.01783752441406,244.59052085876465
87,506,222.20134735107422,244.83108520507812
88,505,225.63767433166504,249.63736534118652
89,504,226.2744903564453,249.4826316833496
90,503,221.66824340820312,245.58186531066895
91,502,223.30975532531738,245.682954788208
92,501,223.59085083007812,247.22671508789062
93,500,221.3265895843506,243.40581893920898
94,499,222.48029708862305,246.2465763092041
95,498,219.3624973297119,241.6853904724121
96,497,219.7558879852295,243.41297149658203
97,496,228.7130355834961,251.19996070861816
98,495,219.39778327941895,242.9366111755371
99,494,223.85501861572266,245.96261978149414
100,493,225.83293914794922,255.29980659484863
101,492,219.48599815368652,245.14102935791016
102,491,222.93734550476074,249.99475479125977
103,490,226.04918479919434,248.27194213867188
104,489,216.94612503051758,240.07487297058105
105,488,220.17288208007812,242.23732948303223
106,487,215.50416946411133,238.83771896362305
107,486,218.75786781311035,246.39368057250977
108,485,216.16864204406738,239.0921115875244
109,484,214.88142013549805,237.2581958770752
110,483,213.01698684692383,234.1294288635254
111,482,217.6492214202881,239.56680297851562
112,481,224.53618049621582,247.0853328704834
113,480,214.38169479370117,236.14883422851562
114,479,211.7166519165039,235.63194274902344
115,478,210.9360694885254,232.73253440856934
116,477,220.43466567993164,241.88685417175293
117,476,213.24896812438965,233.74247550964355
118,471,223.1616973876953,244.89855766296387
119,465,212.46075630187988,233.7653636932373
120,464,203.20987701416016,224.79891777038574
121,463,208.17875862121582,228.9729118347168
122,462,205.15179634094238,227.16140747070312
123,461,197.63469696044922,218.95122528076172
124,460,209.7001075744629,232.2402000427246
125,459,216.87602996826172,242.42520332336426
126,458,207.53002166748047,228.5161018371582
127,457,205.75928688049316,230.23581504821777
128,456,210.27588844299316,231.06026649475098
129,455,203.53221893310547,223.33693504333496
130,454,206.85243606567383,227.36668586730957
131,453,207.52406120300293,228.2083034515381
132,452,197.35455513000488,218.74618530273438
1,966,15622.372388839722,15622.923135757446
2,965,665.1017665863037,724.4102954864502
3,964,683.1438541412354,736.4583015441895
4,963,684.0612888336182,741.1246299743652
5,962,664.9625301361084,719.0196514129639
6,961,642.7059173583984,698.930025100708
7,960,664.6120548248291,717.534065246582
8,959,692.6448345184326,749.0363121032715
9,958,673.2888221740723,726.5644073486328
10,957,676.429033279419,736.764669418335
11,956,684.2012405395508,737.9071712493896
12,955,660.8691215515137,719.315767288208
13,954,651.1039733886719,709.404468536377
14,953,668.5259342193604,731.6443920135498
15,952,654.5212268829346,715.1274681091309
16,951,644.7360515594482,702.5606632232666
17,950,663.4042263031006,716.7928218841553
18,949,660.9344482421875,717.104434967041
19,948,679.6364784240723,732.4814796447754
20,947,684.4086647033691,742.5568103790283
21,946,642.0562267303467,701.6689777374268
22,945,657.2341918945312,714.3075466156006
23,944,685.1692199707031,738.2731437683105
24,943,668.2093143463135,723.8121032714844
25,942,663.2289886474609,719.0816402435303
26,941,655.66086769104,715.5165672302246
27,940,638.4718418121338,690.7553672790527
28,939,623.7685680389404,679.8114776611328
29,938,647.4277973175049,705.5306434631348
30,937,627.516508102417,683.6285591125488
31,936,636.7979049682617,689.9425983428955
32,932,637.4340057373047,697.1423625946045
33,931,632.0114135742188,685.1785182952881
34,930,681.2334060668945,737.5226020812988
35,929,638.3683681488037,692.5709247589111
36,928,636.1265182495117,690.971851348877
37,927,628.8836002349854,685.7364177703857
38,926,680.1750659942627,736.2337112426758
39,925,656.862735748291,709.9812030792236
40,924,631.8202018737793,688.8778209686279
41,923,653.4526348114014,707.374095916748
42,919,623.2426166534424,679.4719696044922
43,918,638.2052898406982,692.1947002410889
44,917,622.2054958343506,679.4431209564209
45,916,645.6725597381592,697.9050636291504
46,915,636.573076248169,690.4079914093018
47,914,657.9506397247314,716.5896892547607
48,913,648.2396125793457,702.0614147186279
49,912,648.4088897705078,700.1612186431885
50,911,641.2873268127441,695.0283050537109
51,910,643.0785655975342,701.9121646881104
52,909,630.4008960723877,684.283971786499
53,908,647.1292972564697,699.2194652557373
54,907,620.9902763366699,675.196647644043
55,906,623.8212585449219,676.0053634643555
56,903,631.6847801208496,691.9147968292236
57,902,637.732982635498,689.5127296447754
58,901,626.4040470123291,683.9189529418945
59,900,668.4205532073975,722.0802307128906
60,899,651.7715454101562,705.8131694793701
61,898,628.0879974365234,679.9829006195068
62,897,637.514591217041,691.4935111999512
63,896,625.2944469451904,677.51145362854
64,892,629.8589706420898,690.12451171875
65,891,645.8272933959961,698.8699436187744
66,890,630.5422782897949,686.1343383789062
67,889,620.5098628997803,671.0205078125
68,888,613.7094497680664,667.8116321563721
69,887,621.6998100280762,673.163890838623
70,886,633.9943408966064,686.8996620178223
71,885,623.0289936065674,673.8362312316895
72,884,607.0876121520996,662.00852394104
73,883,635.9848976135254,686.6075992584229
74,882,640.1247978210449,694.1413879394531
75,881,642.1236991882324,696.707010269165
76,880,609.2479228973389,662.2889041900635
77,879,609.1868877410889,660.4266166687012
78,878,619.7640895843506,674.1161346435547
79,873,594.5279598236084,645.735502243042
80,872,602.4999618530273,657.5138568878174
81,871,620.8806037902832,671.9398498535156
82,870,611.1593246459961,663.6984348297119
83,869,622.6303577423096,672.5447177886963
84,868,599.0464687347412,651.1781215667725
85,867,601.6247272491455,651.4072418212891
86,866,621.2434768676758,675.2645969390869
87,862,615.3755187988281,664.4809246063232
88,858,623.5651969909668,674.1383075714111
89,857,609.1620922088623,658.5915088653564
90,856,600.182056427002,651.2112617492676
91,848,585.8144760131836,635.7600688934326
92,847,588.8898372650146,641.4847373962402
93,846,647.6864814758301,698.6043453216553
94,845,582.3767185211182,632.8973770141602
95,844,592.7760601043701,641.0293579101562
96,843,595.7565307617188,649.1339206695557
97,842,609.9622249603271,658.1177711486816
98,841,563.4503364562988,620.0296878814697
99,840,591.97998046875,639.7874355316162
100,839,593.9266681671143,644.9062824249268
101,838,610.4321479797363,658.9477062225342
102,835,588.3276462554932,638.8826370239258
103,834,571.2816715240479,620.4123497009277
104,833,593.4205055236816,643.5396671295166
105,832,592.083215713501,640.1185989379883
106,824,585.2911472320557,634.9921226501465
107,823,558.6280822753906,607.1162223815918
108,822,564.8193359375,615.9853935241699
109,821,555.3572177886963,605.8831214904785
110,820,575.8147239685059,624.5715618133545
111,819,570.8663463592529,617.9471015930176
112,817,562.190055847168,611.2995147705078
113,816,565.544843673706,612.738847732544
114,813,562.028169631958,613.0897998809814
115,812,586.6625308990479,633.7361335754395
116,811,584.4526290893555,633.439302444458
117,810,580.1982879638672,627.9606819152832
118,806,552.1447658538818,600.8865833282471
119,805,560.3139400482178,613.2636070251465
120,800,561.9328022003174,610.1624965667725
121,799,554.5697212219238,601.2182235717773
122,798,560.858964920044,609.1756820678711
123,793,574.561595916748,629.3578147888184
124,792,554.1341304779053,603.447675704956
125,791,559.1723918914795,604.8581600189209
126,790,530.9469699859619,578.5892009735107
127,789,565.8299922943115,611.5972995758057
128,788,547.8365421295166,595.0024127960205
129,787,552.2909164428711,598.0103015899658
130,785,561.7034435272217,609.0900897979736
131,784,565.4704570770264,612.3173236846924
132,783,551.4187812805176,598.3643531799316
133,782,561.5789890289307,607.03444480896
134,781,563.0860328674316,610.1384162902832
135,780,555.2361011505127,600.4228591918945
136,779,542.7591800689697,589.7965431213379
137,775,540.438175201416,586.6329669952393
138,774,543.095588684082,590.3048515319824
139,773,553.6315441131592,598.6666679382324
140,772,540.837287902832,589.320182800293
141,771,528.2173156738281,574.8903751373291
142,770,543.3394908905029,589.7510051727295
143,769,537.3244285583496,586.158037185669
144,768,532.8116416931152,579.4477462768555
145,764,531.0420989990234,575.7169723510742
146,763,528.313159942627,574.5623111724854
147,754,519.0982818603516,563.3900165557861
148,753,515.0978565216064,560.2946281433105
149,751,536.5355014801025,582.0627212524414
150,750,521.597146987915,568.4242248535156
151,749,521.4419364929199,565.9174919128418
152,748,539.5801067352295,586.9038105010986
153,744,526.768684387207,576.387882232666
154,741,538.780689239502,585.3919982910156
155,737,515.8753395080566,560.1551532745361
156,732,500.8838176727295,545.764684677124
157,731,508.41498374938965,552.1671772003174
158,730,507.8539848327637,554.0130138397217
159,724,517.0867443084717,560.4856014251709
160,722,526.0295867919922,571.4049339294434
161,721,520.1616287231445,562.9990100860596
162,720,507.10034370422363,550.98557472229
163,713,517.3506736755371,559.9689483642578
164,712,509.90939140319824,553.3199310302734
165,711,493.4582710266113,542.0184135437012
166,707,496.49882316589355,546.1897850036621
167,704,500.4386901855469,544.1334247589111
168,700,520.9858417510986,563.7400150299072
169,699,502.33912467956543,545.2337265014648
170,698,473.4656810760498,516.0777568817139
171,697,486.3884449005127,527.9586315155029
172,696,494.08578872680664,537.6358032226562
173,694,478.9106845855713,521.3463306427002
174,693,486.29188537597656,529.9074649810791
175,692,475.77810287475586,517.8899765014648
176,688,490.19527435302734,532.5415134429932
177,687,501.3775825500488,541.8150424957275
178,683,493.3931827545166,536.9508266448975
179,677,492.81883239746094,535.5126857757568
180,676,481.29987716674805,524.8594284057617
181,675,495.60093879699707,537.4860763549805
182,674,472.95379638671875,515.5551433563232
183,670,472.26858139038086,513.6611461639404
184,669,464.11776542663574,505.0053596496582
185,668,480.182409286499,520.2286243438721
186,667,478.3461093902588,518.5468196868896
187,666,467.9296016693115,508.7921619415283
188,665,480.1361560821533,521.9738483428955
189,664,480.8475971221924,521.9106674194336
190,656,471.5142250061035,512.9742622375488
191,655,445.58072090148926,485.947847366333
192,654,468.23930740356445,508.5575580596924
193,650,472.2599983215332,512.0880603790283
194,649,463.4099006652832,509.3686580657959
195,648,445.60956954956055,485.78667640686035
196,647,458.95934104919434,498.9321231842041
197,646,463.1762504577637,502.20203399658203
198,645,455.2938938140869,494.4431781768799
199,640,450.2708911895752,489.0246391296387
200,632,454.5021057128906,495.33534049987793
201,631,445.6672668457031,483.71386528015137
202,630,462.0957374572754,505.3722858428955
203,629,455.8584690093994,493.67737770080566
204,628,446.92230224609375,485.05640029907227
205,627,454.70380783081055,502.06708908081055
206,625,437.2577667236328,475.58116912841797
207,623,450.35862922668457,494.002103805542
208,622,438.7392997741699,481.72807693481445
209,618,436.9480609893799,478.8241386413574
210,617,427.9136657714844,467.47851371765137
211,616,438.4572505950928,477.12254524230957
212,615,434.95917320251465,473.97446632385254
213,614,420.4134941101074,457.87858963012695
214,612,439.55349922180176,476.96423530578613
215,611,446.394681930542,484.3320846557617
216,610,444.46539878845215,481.9226264953613
217,609,430.01866340637207,469.06495094299316
218,606,420.6364154815674,458.0414295196533
219,604,429.94046211242676,466.98594093322754
220,600,412.39118576049805,455.07240295410156
221,596,412.7957820892334,455.0917148590088
222,595,420.8712577819824,459.0630531311035
223,594,415.7862663269043,452.3324966430664
224,590,423.7380027770996,460.2489471435547
225,589,421.4756488800049,457.43751525878906
226,586,428.7073612213135,471.23169898986816
227,585,421.01550102233887,456.91514015197754
228,584,423.4936237335205,460.52074432373047
229,581,425.8236885070801,462.79454231262207
230,580,400.59399604797363,436.417818069458
231,577,410.6943607330322,447.64113426208496
232,576,411.51905059814453,447.1158981323242
233,567,404.62374687194824,441.3032531738281
234,565,403.7191867828369,440.3350353240967
235,562,402.70519256591797,439.44549560546875
236,561,394.26732063293457,430.5722713470459
237,560,387.36939430236816,423.0084419250488
238,555,380.6140422821045,415.78102111816406
239,554,377.457857131958,412.4722480773926
240,548,391.96085929870605,427.23655700683594
241,543,399.28436279296875,434.3380928039551
242,542,382.9517364501953,417.0546531677246
243,540,410.9609127044678,444.44942474365234
244,539,386.016845703125,419.73376274108887
245,538,389.58048820495605,428.5602569580078
246,537,390.4857635498047,424.09420013427734
247,536,392.05265045166016,426.7559051513672
248,535,388.5769844055176,423.7515926361084
249,534,381.41584396362305,415.5292510986328
250,533,370.96190452575684,405.6985378265381
1,966,15498.229503631592,15498.801708221436
2,965,677.3831844329834,736.9742393493652
3,964,681.859016418457,735.0919246673584
4,963,670.245885848999,728.5587787628174
5,962,661.4880561828613,714.1788005828857
6,961,685.1732730865479,741.8015003204346
7,960,705.8792114257812,762.6655101776123
8,959,670.7262992858887,728.7797927856445
9,958,654.2298793792725,706.4831256866455
10,957,649.2934226989746,711.5211486816406
11,956,638.0491256713867,691.5624141693115
12,955,683.931827545166,742.7642345428467
13,954,670.7696914672852,723.1504917144775
14,953,661.4537239074707,717.416524887085
15,952,683.2921504974365,739.1715049743652
16,951,668.0901050567627,724.8399257659912
17,950,661.1526012420654,714.9686813354492
18,949,647.4473476409912,703.9718627929688
19,948,679.7890663146973,733.2017421722412
20,947,653.409481048584,711.2505435943604
21,946,667.4072742462158,720.6494808197021
22,945,669.9528694152832,726.4723777770996
23,944,668.5218811035156,726.4952659606934
24,943,673.4809875488281,729.1965484619141
25,942,673.6423969268799,727.2531986236572
26,941,655.2243232727051,710.6380462646484
27,940,666.5918827056885,718.7497615814209
28,939,671.1318492889404,729.7682762145996
29,938,666.989803314209,719.252347946167
30,937,683.480978012085,739.0248775482178
31,936,658.8361263275146,710.7157707214355
32,932,624.248743057251,682.1613311767578
33,931,685.4960918426514,737.4770641326904
34,930,628.3583641052246,685.3184700012207
35,929,658.0898761749268,709.9933624267578
36,928,648.1990814208984,702.8820514678955
37,927,671.9636917114258,723.3927249908447
38,926,655.1609039306641,715.1391506195068
39,925,671.1437702178955,723.2398986816406
40,924,666.9831275939941,723.0603694915771
41,923,651.1855125427246,702.5904655456543
42,919,650.5203247070312,713.0000591278076
43,918,666.4471626281738,725.0673770904541
44,917,658.3530902862549,721.5328216552734
45,916,651.3252258300781,703.9275169372559
46,915,652.0893573760986,707.150936126709
47,914,641.8967247009277,693.9475536346436
48,913,639.3153667449951,694.1888332366943
49,912,646.2345123291016,702.7575969696045
50,911,637.009859085083,691.4408206939697
51,910,658.9031219482422,712.2116088867188
52,909,638.2219791412354,694.4730281829834
53,908,658.0348014831543,710.9172344207764
54,907,636.1970901489258,690.63401222229
55,906,648.8068103790283,700.7796764373779
56,903,649.9242782592773,703.5863399505615
57,902,650.2060890197754,703.1149864196777
58,901,643.5298919677734,697.6940631866455
59,900,651.2017250061035,709.4383239746094
60,899,643.1901454925537,698.7972259521484
61,898,655.4770469665527,714.1942977905273
62,897,620.8288669586182,677.6621341705322
63,896,639.0037536621094,692.3682689666748
64,892,621.5770244598389,676.6574382781982
65,891,629.6541690826416,681.4138889312744
66,890,626.8341541290283,680.9611320495605
67,889,637.000322341919,691.1160945892334
68,888,627.068281173706,680.9687614440918
69,887,634.213924407959,685.8043670654297
70,886,641.2439346313477,696.4662075042725
71,885,625.3697872161865,677.0720481872559
72,884,612.2438907623291,666.3906574249268
73,883,631.0915946960449,682.7116012573242
74,882,624.579906463623,677.8726577758789
75,881,627.5875568389893,679.234504699707
76,880,589.9567604064941,647.0832824707031
77,879,622.5950717926025,672.9001998901367
78,878,607.2783470153809,660.1545810699463
79,873,610.4133129119873,661.5378856658936
80,872,610.1670265197754,662.6970767974854
81,871,641.4186954498291,691.6172504425049
82,870,631.9715976715088,684.9861145019531
83,869,629.3277740478516,679.257869720459
84,868,617.8450584411621,670.7198619842529
85,867,625.4408359527588,676.5828132629395
86,866,611.0961437225342,669.6057319641113
87,862,608.9122295379639,660.3741645812988
88,858,600.4197597503662,652.4081230163574
89,857,598.2005596160889,650.3815650939941
90,856,614.3524646759033,665.4758453369141
91,848,598.5589027404785,647.834300994873
92,847,598.3662605285645,649.2667198181152
93,846,610.1016998291016,658.3504676818848
94,845,600.2404689788818,653.5499095916748
95,844,596.4250564575195,646.52419090271
96,843,601.0208129882812,653.7580490112305
97,842,597.9771614074707,647.8021144866943
98,841,598.7188816070557,651.3593196868896
99,840,584.4035148620605,632.824182510376
100,839,617.6810264587402,673.3779907226562
101,838,602.2958755493164,651.5457630157471
102,835,604.856014251709,661.5028381347656
103,834,597.1884727478027,645.3416347503662
104,833,589.1222953796387,646.2655067443848
105,832,581.0294151306152,630.460262298584
106,824,598.0491638183594,650.6979465484619
107,823,579.7262191772461,629.1286945343018
108,822,575.9546756744385,624.8266696929932
109,821,601.1230945587158,648.2470035552979
110,820,588.2155895233154,637.7575397491455
111,819,572.5734233856201,620.244026184082
112,817,580.4922580718994,630.0406455993652
113,816,586.151123046875,633.8295936584473
114,813,568.4378147125244,618.0810928344727
115,812,579.9052715301514,627.0310878753662
116,811,573.0416774749756,624.8257160186768
117,810,577.6841640472412,625.1587867736816
118,806,552.5038242340088,603.9707660675049
119,805,585.7179164886475,632.5514316558838
120,800,592.5900936126709,643.347978591919
121,799,585.2358341217041,633.1150531768799
122,798,542.8597927093506,593.7016010284424
123,793,568.195104598999,616.3952350616455
124,792,545.5386638641357,593.4019088745117
125,791,563.2710456848145,609.811544418335
126,790,584.2046737670898,632.4503421783447
127,789,581.9048881530762,635.7142925262451
128,788,535.8870029449463,587.1045589447021
129,787,586.104154586792,633.7714195251465
130,785,548.7780570983887,597.2602367401123
131,784,605.384111404419,655.4951667785645
132,783,569.9789524078369,617.7659034729004
133,782,574.1665363311768,619.8992729187012
134,781,578.5861015319824,625.8609294891357
135,780,551.9819259643555,602.0290851593018
136,779,551.8114566802979,604.9215793609619
137,775,581.5153121948242,628.7620067596436
138,774,570.4147815704346,617.5704002380371
139,773,550.1189231872559,595.721960067749
140,772,570.2040195465088,619.2989349365234
141,771,541.7563915252686,587.3053073883057
142,770,561.5859031677246,608.7949275970459
143,769,546.0836887359619,595.4015254974365
144,768,538.2595062255859,585.8724117279053
145,764,559.8855018615723,605.2310466766357
146,763,552.1054267883301,604.1624546051025
147,754,541.4743423461914,587.1555805206299
148,753,549.1125583648682,598.6912250518799
149,751,552.1752834320068,597.1636772155762
150,750,549.1447448730469,595.5924987792969
151,749,559.7889423370361,610.2068424224854
152,748,514.4999027252197,561.38014793396
153,744,525.2935886383057,570.2025890350342
154,741,522.831916809082,576.21169090271
155,737,522.4032402038574,566.352367401123
156,732,512.7546787261963,562.3512268066406
157,731,546.863317489624,592.2226905822754
158,730,525.0110626220703,571.7673301696777
159,724,524.3611335754395,569.8704719543457
160,722,492.2330379486084,537.1403694152832
161,721,513.9739513397217,560.0407123565674
162,720,520.6425189971924,566.7104721069336
163,713,512.8726959228516,556.2195777893066
164,712,518.3608531951904,564.3458366394043
165,711,513.9687061309814,557.0898056030273
166,707,508.35466384887695,555.7861328125
167,704,502.1212100982666,546.783447265625
168,700,498.873233795166,548.3436584472656
169,699,491.3899898529053,535.0813865661621
170,698,495.6638813018799,540.177583694458
171,697,520.1964378356934,563.9519691467285
172,696,500.26583671569824,543.0877208709717
173,694,493.9267635345459,541.2614345550537
174,693,493.6060905456543,538.036584854126
175,692,487.6105785369873,529.5770168304443
176,688,501.38235092163086,543.8427925109863
177,687,504.5192241668701,545.8920001983643
178,683,524.1494178771973,567.0244693756104
179,677,492.9664134979248,536.3295078277588
180,676,488.4061813354492,532.7818393707275
181,675,503.2219886779785,544.0428256988525
182,674,479.7403812408447,523.7059593200684
183,670,474.8208522796631,516.0794258117676
184,669,496.65307998657227,537.9283428192139
185,668,493.55149269104004,533.69140625
186,667,495.09453773498535,535.7868671417236
187,666,468.44029426574707,508.6836814880371
188,665,480.73792457580566,522.3526954650879
189,664,459.1848850250244,505.42187690734863
190,656,472.210168838501,513.0739212036133
191,655,460.2949619293213,502.11071968078613
192,654,483.31379890441895,524.9900817871094
193,650,459.62071418762207,501.48677825927734
194,649,454.7462463378906,503.4334659576416
195,648,478.65772247314453,524.3771076202393
196,647,483.0772876739502,525.914192199707
197,646,489.7575378417969,530.9114456176758
198,645,473.3889102935791,514.7652626037598
199,640,465.14344215393066,504.4248104095459
200,632,453.5365104675293,496.0165023803711
201,631,436.36608123779297,480.0264835357666
202,630,450.84285736083984,489.72153663635254
203,629,443.26257705688477,481.7044734954834
204,628,458.2242965698242,498.7375736236572
205,627,466.69983863830566,504.34279441833496
206,625,458.85443687438965,497.7266788482666
207,623,444.2410469055176,482.33938217163086
208,622,434.44323539733887,474.61843490600586
209,618,448.2104778289795,486.588716506958
210,617,459.40423011779785,497.7564811706543
211,616,441.6520595550537,480.8821678161621
212,615,434.969425201416,474.3611812591553
213,614,447.61204719543457,485.7790470123291
214,612,444.40650939941406,486.9503974914551
215,611,439.23497200012207,478.7402153015137
216,610,446.8963146209717,485.98265647888184
217,609,419.5389747619629,458.5845470428467
218,606,442.7042007446289,480.38411140441895
219,604,428.0397891998291,466.7785167694092
220,600,437.69168853759766,476.55701637268066
221,596,424.58438873291016,467.5323963165283
222,595,424.3338108062744,462.76235580444336
223,594,426.43237113952637,463.53936195373535
224,590,442.610502243042,481.52709007263184
225,589,437.66045570373535,474.11394119262695
226,586,428.12538146972656,464.679479598999
227,585,424.76868629455566,461.24911308288574
228,584,423.0034351348877,466.6717052459717
229,581,436.9688034057617,473.1483459472656
230,580,424.166202545166,459.7940444946289
231,577,424.9570369720459,465.8935070037842
232,576,404.1411876678467,441.1964416503906
233,567,402.4639129638672,439.73803520202637
234,565,402.2550582885742,437.82830238342285
235,562,416.03612899780273,451.2593746185303
236,561,423.229455947876,458.0409526824951
237,560,401.5684127807617,443.83978843688965
238,555,404.6902656555176,440.7458305358887
239,554,405.52783012390137,444.3237781524658
240,548,405.332088470459,441.9093132019043
241,543,385.0219249725342,418.76912117004395
242,542,385.9412670135498,421.1266040802002
243,540,388.51308822631836,423.63739013671875
244,539,402.88782119750977,436.9938373565674
245,538,389.2691135406494,423.1104850769043
246,537,388.95416259765625,422.6701259613037
247,536,402.07433700561523,436.9621276855469
248,535,392.5442695617676,426.2986183166504
249,534,378.2031536102295,412.416934967041
250,533,381.7927837371826,415.2054786682129
1,85,14921.25916481018,14921.509981155396
2,81,1.0497570037841797,1.1947154998779297
3,77,0.9081363677978516,1.0519027709960938
4,73,0.8299350738525391,0.9610652923583984
5,69,0.7843971252441406,0.8971691131591797
6,65,0.7269382476806641,0.8549690246582031
7,61,0.6842613220214844,0.8022785186767578
8,57,0.6613731384277344,0.766754150390625
9,54,0.7076263427734375,0.8232593536376953
10,50,0.6895065307617188,0.8027553558349609
11,47,0.705718994140625,0.8206367492675781
12,44,0.7171630859375,0.8301734924316406
13,41,0.6034374237060547,0.7109642028808594
14,37,0.6082057952880859,0.7183551788330078
15,36,0.5376338958740234,0.6449222564697266
16,33,0.5245208740234375,0.6272792816162109
17,31,0.5106925964355469,0.6210803985595703
18,28,0.4839897155761719,0.5877017974853516
19,26,0.3962516784667969,0.5006790161132812
20,24,0.3886222839355469,0.49304962158203125
1,149,15326.404809951782,15326.88570022583
2,148,18.24784278869629,22.029638290405273
3,147,17.893552780151367,20.833969116210938
4,141,17.32921600341797,21.086692810058594
5,140,19.546031951904297,26.688337326049805
6,133,9.226560592651367,12.312889099121094
7,132,16.50857925415039,16.9064998626709
8,128,4.120826721191406,4.417657852172852
9,127,3.936290740966797,4.227399826049805
10,126,3.5729408264160156,3.8633346557617188
11,119,3.3304691314697266,3.6067962646484375
12,118,3.690958023071289,4.015684127807617
13,111,4.707813262939453,4.984378814697266
14,110,3.336191177368164,3.6268234252929688
15,109,3.3354759216308594,3.6482810974121094
16,108,3.213644027709961,3.5800933837890625
17,105,8.774518966674805,9.231805801391602
18,101,4.391908645629883,4.933834075927734
19,99,3.990650177001953,4.399538040161133
20,98,3.9408206939697266,4.320859909057617
21,97,3.8301944732666016,4.222393035888672
22,96,3.8988590240478516,4.241943359375
23,91,3.900766372680664,4.2819976806640625
24,90,3.563404083251953,3.9319992065429688
25,88,2.680063247680664,2.9478073120117188
26,87,2.751588821411133,3.0350685119628906
27,85,2.6307106018066406,2.903461456298828
28,81,2.5153160095214844,2.7475357055664062
29,80,2.339601516723633,2.5560855865478516
30,79,2.847909927368164,3.1270980834960938
31,76,2.774477005004883,3.120899200439453
32,71,2.5374889373779297,2.8684139251708984
33,70,2.1386146545410156,2.3887157440185547
34,64,2.203226089477539,2.4690628051757812
35,63,2.089262008666992,2.3365020751953125
36,61,2.4826526641845703,2.687692642211914
37,56,1.6636848449707031,1.8541812896728516
38,50,1.504659652709961,1.6894340515136719
1,85,16208.571672439575,16208.872318267822
2,81,1.3928413391113281,1.5707015991210938
3,77,1.041412353515625,1.2812614440917969
4,73,1.0335445404052734,1.2483596801757812
5,69,1.1641979217529297,1.3744831085205078
6,65,0.6899833679199219,0.7984638214111328
7,61,0.7719993591308594,0.8897781372070312
8,57,0.7147789001464844,0.8249282836914062
9,54,0.7281303405761719,0.8325576782226562
10,50,0.6849765777587891,0.7877349853515625
11,47,0.5884170532226562,0.7026195526123047
12,44,0.6015300750732422,0.7131099700927734
13,41,0.6029605865478516,0.7164478302001953
14,37,0.5047321319580078,0.6055831909179688
15,36,0.5218982696533203,0.6222724914550781
16,33,0.43511390686035156,0.5319118499755859
17,31,0.45013427734375,0.5543231964111328
18,28,0.3981590270996094,0.4966259002685547
19,26,0.3783702850341797,0.4749298095703125
20,24,0.3230571746826172,0.4279613494873047
1,650,14791.518449783325,14791.96548461914
2,649,254.7142505645752,282.35816955566406
3,648,253.80754470825195,280.52592277526855
4,647,251.6500949859619,279.1311740875244
5,646,251.02543830871582,277.44174003601074
6,645,252.17556953430176,279.2928218841553
7,644,255.8114528656006,283.0686569213867
8,643,260.7743740081787,287.6465320587158
9,642,247.21002578735352,272.26710319519043
10,641,251.39522552490234,278.306245803833
11,640,250.7307529449463,276.73935890197754
12,639,254.7745704650879,282.1779251098633
13,638,249.88698959350586,275.8340835571289
14,637,243.63064765930176,270.902156829834
15,636,250.20694732666016,275.87103843688965
16,635,249.23372268676758,275.9387493133545
17,634,252.30908393859863,277.1174907684326
18,633,249.9849796295166,276.7949104309082
19,632,251.33895874023438,276.9885063171387
20,631,248.4743595123291,275.26021003723145
21,630,247.00379371643066,272.7687358856201
22,629,249.5279312133789,276.90792083740234
23,628,250.12850761413574,275.7408618927002
24,627,261.20734214782715,286.4725589752197
25,626,248.7161159515381,273.87380599975586
26,625,241.8076992034912,268.5816287994385
27,624,243.2386875152588,268.8474655151367
28,623,245.79548835754395,272.1974849700928
29,622,242.3269748687744,269.7033882141113
30,621,243.75152587890625,270.0178623199463
31,620,246.48785591125488,271.64363861083984
32,619,241.318941116333,267.70949363708496
33,618,242.31863021850586,267.5604820251465
34,617,242.10596084594727,267.05265045166016
35,616,250.4708766937256,274.6741771697998
36,615,243.43037605285645,269.38533782958984
37,614,246.92916870117188,271.7747688293457
38,613,245.04971504211426,271.0545063018799
39,612,249.0081787109375,274.22285079956055
40,611,241.14298820495605,267.6808834075928
41,610,242.67816543579102,267.5771713256836
42,609,240.88430404663086,266.7956352233887
43,608,244.68064308166504,269.8018550872803
44,607,238.79528045654297,266.12162590026855
45,606,243.82805824279785,269.00291442871094
46,605,235.29767990112305,260.81347465515137
47,604,241.3928508758545,266.3431167602539
48,603,236.85860633850098,262.2814178466797
49,602,240.36240577697754,265.46764373779297
50,601,234.0390682220459,259.676456451416
51,600,240.56029319763184,265.26713371276855
52,599,240.82469940185547,266.4058208465576
53,598,232.88702964782715,257.45558738708496
54,597,233.89554023742676,259.3083381652832
55,596,238.6455535888672,263.4849548339844
56,595,233.15143585205078,258.53824615478516
57,594,243.09325218200684,267.7757740020752
58,593,238.49892616271973,263.89145851135254
59,592,237.29205131530762,262.2556686401367
60,591,237.7307415008545,263.0653381347656
61,590,234.40051078796387,258.85963439941406
62,589,227.9815673828125,253.0226707458496
63,588,228.84440422058105,253.44371795654297
64,587,232.66100883483887,257.83538818359375
65,586,230.4232120513916,254.55904006958008
66,585,243.3161735534668,267.1544551849365
67,584,235.0900173187256,260.0984573364258
68,583,234.79294776916504,259.80496406555176
69,582,228.78217697143555,253.13639640808105
70,581,230.45587539672852,255.2623748779297
71,580,227.91528701782227,252.0463466644287
72,579,233.7636947631836,258.3470344543457
73,578,231.80723190307617,255.8283805847168
74,577,228.13010215759277,252.7616024017334
75,576,226.28426551818848,251.27124786376953
76,575,224.11322593688965,248.60024452209473
77,574,235.64648628234863,258.4879398345947
78,573,231.3215732574463,254.91976737976074
79,572,229.11405563354492,253.03936004638672
80,571,229.0349006652832,253.17859649658203
81,570,223.58274459838867,247.31993675231934
82,569,229.9668788909912,259.4597339630127
83,568,225.13604164123535,248.83079528808594
84,567,233.53934288024902,256.87670707702637
85,566,228.75380516052246,252.58970260620117
86,565,229.83098030090332,253.92484664916992
87,564,222.72753715515137,246.2751865386963
88,563,220.15929222106934,244.10676956176758
89,562,226.5474796295166,250.54693222045898
90,561,224.57027435302734,248.83580207824707
91,560,225.8758544921875,250.73933601379395
92,559,222.70941734313965,246.903657913208
93,558,220.95632553100586,244.36616897583008
94,557,221.55141830444336,245.5911636352539
95,556,241.4233684539795,264.4994258880615
96,555,219.90537643432617,243.9720630645752
97,554,228.4531593322754,257.89713859558105
98,553,224.66778755187988,248.37756156921387
99,552,223.1314182281494,247.03645706176758
100,551,224.0734100341797,247.93744087219238
101,550,218.23740005493164,240.90862274169922
102,549,223.9058017730713,247.78318405151367
103,548,221.31061553955078,244.2951202392578
104,547,220.48187255859375,244.09961700439453
105,546,221.6622829437256,243.7305450439453
106,545,219.99764442443848,242.41304397583008
107,544,222.9611873626709,245.30625343322754
108,543,219.85840797424316,243.12400817871094
109,542,205.17516136169434,228.56760025024414
110,541,197.24488258361816,223.11925888061523
111,540,227.5099754333496,250.05865097045898
112,539,216.19439125061035,240.17333984375
113,538,213.10114860534668,235.6865406036377
114,537,214.80035781860352,239.07923698425293
115,536,228.17635536193848,250.6256103515625
116,535,222.32794761657715,246.51765823364258
117,534,215.74807167053223,237.35380172729492
118,533,215.95120429992676,245.29504776000977
119,532,219.6953296661377,242.30074882507324
120,531,216.75467491149902,239.61782455444336
121,530,224.839448928833,246.687650680542
122,529,216.97425842285156,240.07177352905273
123,528,213.6368751525879,235.96811294555664
124,527,210.13617515563965,234.78436470031738
125,526,206.58564567565918,229.0971279144287
126,525,212.64910697937012,236.39750480651855
127,524,215.28983116149902,237.76793479919434
128,523,209.37037467956543,233.43181610107422
129,522,214.42270278930664,236.77563667297363
130,521,214.5543098449707,241.1055564880371
131,520,217.23532676696777,243.6826229095459
132,519,215.91925621032715,238.24644088745117
133,518,212.59093284606934,234.66157913208008
134,517,210.48259735107422,233.15143585205078
135,516,213.39154243469238,234.73000526428223
1,650,15163.392782211304,15163.832187652588
2,649,257.338285446167,285.44092178344727
3,648,255.68151473999023,282.26208686828613
4,647,263.0727291107178,291.87607765197754
5,646,263.7648582458496,290.1012897491455
6,645,256.1225891113281,286.82446479797363
7,644,266.9060230255127,293.29371452331543
8,643,254.29964065551758,280.99989891052246
9,642,260.13922691345215,286.545991897583
10,641,252.86030769348145,281.56256675720215
11,640,263.5030746459961,290.6668186187744
12,639,251.6934871673584,279.28829193115234
13,638,252.11429595947266,278.15961837768555
14,637,264.74690437316895,298.2974052429199
15,636,258.3465576171875,284.9125862121582
16,635,249.37868118286133,278.2933712005615
17,634,255.62095642089844,282.50718116760254
18,633,253.01694869995117,280.75122833251953
19,632,256.99734687805176,283.0371856689453
20,631,256.73866271972656,284.92021560668945
21,630,253.06057929992676,279.12449836730957
22,629,252.699613571167,280.3189754486084
23,628,249.53842163085938,276.8545150756836
24,627,252.39872932434082,279.70099449157715
25,626,252.14886665344238,280.0772190093994
26,625,264.30749893188477,291.5794849395752
27,624,251.98936462402344,278.05495262145996
28,623,249.19366836547852,276.86524391174316
29,622,248.8088607788086,275.5281925201416
30,621,250.2267360687256,277.296781539917
31,620,247.53665924072266,273.64158630371094
32,619,255.0966739654541,286.3881587982178
33,618,254.50921058654785,280.956506729126
34,617,249.61328506469727,276.7376899719238
35,616,245.73063850402832,271.4061737060547
36,615,244.69542503356934,271.6097831726074
37,614,245.1479434967041,270.8711624145508
38,613,248.28791618347168,275.4015922546387
39,612,244.59004402160645,271.22974395751953
40,611,239.60518836975098,266.63970947265625
41,610,246.4616298675537,273.0519771575928
42,609,246.12903594970703,273.03433418273926
43,608,247.88403511047363,273.5440731048584
44,607,242.81859397888184,269.64330673217773
45,606,245.82791328430176,271.26216888427734
46,605,243.89982223510742,270.42293548583984
47,604,246.43301963806152,271.96741104125977
48,603,236.4213466644287,262.82763481140137
49,602,244.24409866333008,269.9553966522217
50,601,238.12460899353027,265.796422958374
51,600,240.29779434204102,265.75183868408203
52,599,242.45285987854004,269.7014808654785
53,598,242.51985549926758,267.64845848083496
54,597,238.3594512939453,265.5482292175293
55,596,244.5204257965088,273.2875347137451
56,595,236.23037338256836,262.42542266845703
57,594,236.9098663330078,261.91139221191406
58,593,236.9532585144043,263.07129859924316
59,592,238.88206481933594,264.09363746643066
60,591,241.35661125183105,267.25196838378906
61,590,241.02401733398438,265.8872604370117
62,589,245.41974067687988,270.2059745788574
63,588,241.47891998291016,267.35663414001465
64,587,236.33122444152832,262.08996772766113
65,586,242.41328239440918,268.08714866638184
66,585,234.0867519378662,259.62185859680176
67,584,232.3155403137207,256.68859481811523
68,583,235.16178131103516,260.76364517211914
69,582,229.44927215576172,253.80587577819824
70,581,238.05522918701172,263.7033462524414
71,580,245.20254135131836,269.925594329834
72,579,238.1749153137207,264.373779296875
73,578,237.86044120788574,262.9241943359375
74,577,243.13092231750488,268.53275299072266
75,576,232.5727939605713,256.93345069885254
76,575,230.18121719360352,255.64861297607422
77,574,230.02886772155762,255.26738166809082
78,573,223.74391555786133,249.84025955200195
79,572,237.35547065734863,261.5847587585449
80,571,246.28901481628418,270.75815200805664
81,570,236.90438270568848,261.19542121887207
82,569,229.7663688659668,256.2751770019531
83,568,225.90208053588867,248.73590469360352
84,567,231.32848739624023,256.3469409942627
85,566,230.66949844360352,255.26928901672363
86,565,222.47552871704102,249.14097785949707
87,564,231.40883445739746,255.51724433898926
88,563,233.84594917297363,257.6262950897217
89,562,231.43982887268066,254.43053245544434
90,561,231.46677017211914,256.23083114624023
91,560,230.6361198425293,254.81796264648438
92,559,225.8923053741455,250.66828727722168
93,558,225.85153579711914,250.29301643371582
94,557,222.25642204284668,247.84421920776367
95,556,228.15871238708496,251.6763210296631
96,555,224.98250007629395,249.4676113128662
97,554,224.98011589050293,248.52395057678223
98,553,226.0611057281494,250.4899501800537
99,552,224.7753143310547,248.01993370056152
100,551,221.39406204223633,245.93091011047363
101,550,224.35402870178223,247.8950023651123
102,549,227.36525535583496,252.49862670898438
103,548,231.38666152954102,253.82065773010254
104,547,229.72583770751953,253.1607151031494
105,546,226.19891166687012,249.17101860046387
106,545,227.1437644958496,250.33998489379883
107,544,229.18081283569336,251.2531280517578
108,543,223.9232063293457,247.95031547546387
109,542,222.56231307983398,245.50962448120117
110,541,220.0145721435547,244.42028999328613
111,540,221.1897373199463,244.35091018676758
112,539,222.27168083190918,246.6437816619873
113,538,225.74138641357422,247.67017364501953
114,537,224.60460662841797,247.636079788208
115,536,222.87988662719727,245.7890510559082
116,535,216.9666290283203,240.94676971435547
117,534,187.79802322387695,211.1527919769287
118,533,226.07970237731934,248.97480010986328
119,532,214.97344970703125,237.56861686706543
120,531,219.32721138000488,243.27802658081055
121,530,216.2301540374756,239.05515670776367
122,529,214.0798568725586,237.6077175140381
123,528,215.06786346435547,237.63489723205566
124,527,211.8384838104248,235.45408248901367
125,526,209.44762229919434,232.1767807006836
126,525,211.85851097106934,237.49327659606934
127,524,219.68460083007812,243.1643009185791
128,523,214.857816696167,239.14813995361328
129,522,209.39874649047852,231.76193237304688
130,521,217.68808364868164,240.33117294311523
131,520,219.24424171447754,241.90521240234375
132,519,213.32073211669922,237.9136085510254
133,518,211.18903160095215,233.46662521362305
134,517,210.22796630859375,233.72983932495117
1,304,15688.692808151245,15689.035177230835
2,303,55.16672134399414,63.42148780822754
3,302,54.41856384277344,61.2485408782959
4,301,52.95920372009277,60.81676483154297
5,300,55.43065071105957,62.29877471923828
6,299,51.935434341430664,59.75532531738281
7,298,53.057193756103516,59.783220291137695
8,297,51.1324405670166,58.65478515625
9,296,52.52432823181152,59.2648983001709
10,295,50.66347122192383,58.23659896850586
11,294,51.70893669128418,58.14671516418457
12,293,50.66084861755371,58.417320251464844
13,292,51.61929130554199,58.0439567565918
14,291,50.02427101135254,57.70516395568848
15,290,52.03557014465332,58.43353271484375
16,285,49.93081092834473,57.352542877197266
17,281,52.65331268310547,59.30924415588379
18,280,49.01599884033203,56.24270439147949
19,279,50.267934799194336,56.548118591308594
20,278,48.9656925201416,56.38837814331055
21,274,49.367666244506836,55.64594268798828
22,273,47.7752685546875,55.3889274597168
23,269,47.5924015045166,54.00848388671875
24,268,46.33283615112305,53.27558517456055
25,267,47.43027687072754,54.03494834899902
26,266,45.861005783081055,52.858591079711914
27,259,46.42891883850098,52.47187614440918
28,258,45.441389083862305,52.79541015625
29,257,45.53794860839844,51.534414291381836
30,256,44.69132423400879,51.37133598327637
31,255,45.850515365600586,52.31523513793945
32,248,43.52450370788574,50.230979919433594
33,247,44.266462326049805,50.019264221191406
34,246,43.602943420410156,49.97563362121582
35,245,44.70705986022949,50.54640769958496
36,241,42.27876663208008,48.68149757385254
37,240,43.985605239868164,49.67641830444336
38,239,42.267560958862305,48.84839057922363
39,238,41.986942291259766,47.687530517578125
40,237,41.525840759277344,47.84369468688965
41,232,40.986061096191406,46.47707939147949
42,231,40.63868522644043,46.64731025695801
43,230,40.863037109375,46.25511169433594
44,229,40.66610336303711,46.64945602416992
45,228,40.15040397644043,45.6089973449707
46,224,39.751291275024414,45.81570625305176
47,223,39.63041305541992,44.98481750488281
48,222,39.14999961853027,45.427560806274414
49,218,38.56372833251953,44.203996658325195
50,213,37.44339942932129,43.15519332885742
51,212,38.64932060241699,43.76101493835449
52,211,40.007591247558594,46.87166213989258
53,210,40.332794189453125,45.75610160827637
54,209,38.97976875305176,44.8606014251709
55,208,38.53797912597656,44.74449157714844
56,207,39.34526443481445,45.41659355163574
57,206,38.49601745605469,44.55447196960449
58,205,38.56611251831055,44.56758499145508
59,204,37.485599517822266,43.56575012207031
60,203,38.60116004943848,45.09258270263672
61,201,37.256479263305664,43.3964729309082
62,200,38.039207458496094,43.98322105407715
63,191,37.598609924316406,43.51949691772461
64,190,34.862518310546875,40.49110412597656
65,189,34.36160087585449,40.34137725830078
66,186,34.555912017822266,40.682315826416016
67,184,43.09368133544922,49.44634437561035
68,181,34.944772720336914,40.98200798034668
69,180,34.84392166137695,40.593862533569336
70,176,33.94007682800293,40.01569747924805
71,175,33.96248817443848,39.4437313079834
72,174,33.283233642578125,38.91563415527344
73,173,33.927202224731445,39.420127868652344
74,166,31.103849411010742,36.858320236206055
75,165,30.995845794677734,36.06557846069336
76,162,30.06124496459961,35.11691093444824
77,161,29.224157333374023,34.149885177612305
78,155,28.460979461669922,33.36048126220703
79,154,28.61618995666504,33.51855278015137
1,304,16030.189037322998,16030.588865280151
2,303,58.510541915893555,66.3902759552002
3,302,53.58433723449707,61.03825569152832
4,301,53.460121154785156,61.19704246520996
5,300,53.714752197265625,61.36631965637207
6,299,53.243398666381836,60.811519622802734
7,298,53.542375564575195,61.03920936584473
8,297,56.17547035217285,63.81034851074219
9,296,53.14445495605469,60.60147285461426
10,295,52.512407302856445,60.11557579040527
11,294,53.069114685058594,61.092376708984375
12,293,51.80191993713379,59.27920341491699
13,292,51.972150802612305,59.45253372192383
14,291,51.84674263000488,59.391021728515625
15,290,53.48491668701172,61.603546142578125
16,279,49.8504638671875,57.33036994934082
17,278,50.12345314025879,57.30295181274414
18,277,51.20968818664551,59.58914756774902
19,275,52.79421806335449,60.125112533569336
20,274,55.271148681640625,62.282562255859375
21,273,48.29692840576172,56.064605712890625
22,272,47.81508445739746,55.21035194396973
23,271,48.012495040893555,55.196285247802734
24,270,47.985076904296875,54.93617057800293
25,269,48.73180389404297,56.2434196472168
26,268,48.48027229309082,55.46927452087402
27,267,48.26951026916504,55.153846740722656
28,262,48.40087890625,55.5567741394043
29,258,46.408891677856445,53.69877815246582
30,257,45.73512077331543,52.390098571777344
31,256,45.75634002685547,52.59299278259277
32,252,45.304298400878906,52.007198333740234
33,251,44.97575759887695,51.88870429992676
34,250,44.33560371398926,50.90618133544922
35,249,44.80695724487305,51.377058029174805
36,248,44.925689697265625,51.67245864868164
37,247,44.57235336303711,51.15318298339844
38,243,43.73812675476074,50.21023750305176
39,239,43.02048683166504,49.38817024230957
40,238,43.30277442932129,49.61824417114258
41,237,45.08376121520996,51.3916015625
42,236,45.044898986816406,51.505088806152344
43,229,41.147708892822266,47.47200012207031
44,225,40.14849662780762,46.16689682006836
45,224,42.914390563964844,48.897743225097656
46,220,39.346933364868164,45.23181915283203
47,213,38.340091705322266,44.2652702331543
48,212,38.00702095031738,43.81966590881348
49,211,38.25497627258301,43.814897537231445
50,210,38.024187088012695,43.69616508483887
51,209,39.79063034057617,45.40109634399414
52,208,40.40193557739258,45.9439754486084
53,207,37.82391548156738,43.35951805114746
54,203,39.267778396606445,44.65937614440918
55,202,35.96949577331543,41.45336151123047
56,197,34.84058380126953,40.14277458190918
57,196,36.59677505493164,42.455196380615234
58,195,34.562110900878906,39.75534439086914
59,194,36.03053092956543,41.87512397766113
60,193,35.825490951538086,41.260480880737305
61,192,34.0580940246582,39.21771049499512
62,191,37.998199462890625,43.04051399230957
63,187,33.52069854736328,38.62810134887695
64,186,33.11753273010254,38.11311721801758
65,185,33.214569091796875,38.57302665710449
66,184,33.379554748535156,38.747549057006836
67,178,33.74624252319336,38.657188415527344
68,177,34.57808494567871,39.34073448181152
69,172,31.666994094848633,36.87858581542969
70,171,32.42802619934082,37.23955154418945
71,170,30.82418441772461,35.42923927307129
72,167,32.10854530334473,36.64374351501465
73,162,29.98805046081543,34.60073471069336
74,161,31.777381896972656,36.49449348449707
75,160,29.89792823791504,34.5463752746582
76,159,28.68819236755371,33.23793411254883
77,156,27.553558349609375,31.95786476135254
78,152,27.35733985900879,31.690359115600586
79,149,26.91507339477539,31.052350997924805
80,148,27.199268341064453,31.4483642578125
1,304,15053.070783615112,15053.5569190979
2,303,56.07771873474121,62.78705596923828
3,302,53.13515663146973,59.73005294799805
4,301,55.95517158508301,62.75010108947754
5,300,52.31761932373047,58.840274810791016
6,299,52.32095718383789,58.919429779052734
7,298,52.126407623291016,58.82382392883301
8,297,54.474830627441406,61.3398551940918
9,296,52.30259895324707,58.78615379333496
10,295,51.87344551086426,58.55059623718262
11,294,52.26588249206543,59.47160720825195
12,293,51.206111907958984,57.77478218078613
13,292,52.178382873535156,58.679819107055664
14,291,50.753116607666016,57.62910842895508
15,290,51.508426666259766,58.1052303314209
16,279,48.69198799133301,55.15289306640625
17,278,48.61330986022949,55.34529685974121
18,277,52.89721488952637,59.54623222351074
19,275,48.127174377441406,54.26430702209473
20,274,47.09029197692871,53.25436592102051
21,273,48.011064529418945,54.471731185913086
22,272,47.32251167297363,53.49254608154297
23,271,50.0788688659668,56.15425109863281
24,270,47.5313663482666,54.10504341125488
25,269,49.70598220825195,55.88793754577637
26,268,46.18191719055176,52.274465560913086
27,267,46.274423599243164,52.25682258605957
28,262,45.511722564697266,51.767587661743164
29,258,48.00128936767578,53.86233329772949
30,257,44.85607147216797,50.786495208740234
31,256,48.6605167388916,54.86893653869629
32,252,44.5866584777832,50.62675476074219
33,251,50.81772804260254,56.28776550292969
34,250,46.08607292175293,51.760196685791016
35,249,43.468475341796875,49.07059669494629
36,248,43.62130165100098,49.22294616699219
37,247,44.00944709777832,49.54934120178223
38,243,42.42849349975586,47.974586486816406
39,239,42.30618476867676,47.66583442687988
40,238,44.573307037353516,50.103187561035156
41,237,42.134761810302734,47.51110076904297
42,236,41.60308837890625,46.92864418029785
43,229,40.215492248535156,45.42350769042969
44,225,43.58220100402832,49.46184158325195
45,224,40.94076156616211,46.137094497680664
46,220,38.82169723510742,43.98655891418457
47,213,37.80484199523926,42.793989181518555
48,212,38.94305229187012,43.93720626831055
49,211,37.22381591796875,42.095184326171875
50,210,36.58461570739746,41.82147979736328
51,209,37.160634994506836,42.085886001586914
52,208,36.77821159362793,41.66364669799805
53,207,36.06438636779785,40.91072082519531
54,203,35.79902648925781,40.64536094665527
55,202,35.24971008300781,39.98446464538574
56,197,35.531044006347656,40.60792922973633
57,196,34.307241439819336,38.958072662353516
58,195,34.35516357421875,39.04294967651367
59,194,33.888816833496094,38.32554817199707
60,193,34.08694267272949,38.67220878601074
61,192,35.5229377746582,40.086984634399414
62,191,33.24079513549805,37.65583038330078
63,187,33.092498779296875,37.58597373962402
64,186,33.237457275390625,37.59455680847168
65,185,32.14526176452637,36.64565086364746
66,184,32.83381462097168,37.42814064025879
67,178,31.235933303833008,35.73036193847656
68,177,31.610727310180664,36.801815032958984
69,172,30.820369720458984,34.967660903930664
70,171,30.547142028808594,34.90853309631348
71,170,30.17282485961914,34.66033935546875
72,167,30.63225746154785,34.92903709411621
73,162,29.682636260986328,33.87165069580078
74,161,31.403541564941406,35.63380241394043
75,160,29.23130989074707,37.36686706542969
76,159,27.970314025878906,31.88920021057129
77,156,27.71282196044922,31.974077224731445
78,152,26.941776275634766,31.05640411376953
79,149,27.07672119140625,31.203508377075195
80,148,26.04532241821289,30.032634735107422
